file,old,new,count,status
index.html,ravenport/rapha-asylum/index.html,/ravenport/raphaasylum/,0,NOT FOUND (already fixed?)
havenfall-blogs/page-2/page2.html,ravenport/rapha-asylum/index.html,/ravenport/raphaasylum/,0,NOT FOUND (already fixed?)
havenfall-blogs/page-3/page3.html,ravenport/rapha-asylum/index.html,/ravenport/raphaasylum/,0,NOT FOUND (already fixed?)
ravenport-blogs/page-2/page2.html,ravenport/rapha-asylum/index.html,/ravenport/raphaasylum/,0,NOT FOUND (already fixed?)
ravenport-blogs/page-3/page3.html,ravenport/rapha-asylum/index.html,/ravenport/raphaasylum/,0,NOT FOUND (already fixed?)
havenfall-blogs/page-3/harticle-12.html,page2.html,/havenfall-blogs/page-2/page2.html,0,NOT FOUND (already fixed?)
havenfall-blogs/page-3/harticle-13.html,page2.html,/havenfall-blogs/page-2/page2.html,0,NOT FOUND (already fixed?)
havenfall-blogs/page-3/harticle-14.html,page2.html,/havenfall-blogs/page-2/page2.html,0,NOT FOUND (already fixed?)
havenfall-blogs/page-3/harticle-15.html,page2.html,/havenfall-blogs/page-2/page2.html,0,NOT FOUND (already fixed?)
havenfall-blogs/page-3/harticle-16.html,page2.html,/havenfall-blogs/page-2/page2.html,0,NOT FOUND (already fixed?)
ravenport/original-story/Ravenport-character-Darkkid.html,/lucienprofile.webp,/ravenport/original-story/lucienprofile.webp,0,NOT FOUND (already fixed?)
ravenport/birdshugs/birdshugs-chapter2.html,behindthecurse-wherewereyou.html,birdshugs-wherewereyou.html,0,NOT FOUND (already fixed?)
ravenport/birdshugs/index.html,behindthecurse-wherewereyou.html,birdshugs-wherewereyou.html,0,NOT FOUND (already fixed?)
