file,line,tag,attribute,value,link_text,tag_html
haven-news-page.html,2459,img,src,(empty),alt: ,
haven-news-page.html,2464,img,src,(empty),alt: ,
index.html,3041,img,src,(empty),alt: ,
index.html,3047,img,src,(empty),alt: ,
landing-angel-notes-blog.html,1569,img,src,(empty),alt: ,
landing-angel-notes-blog.html,1575,img,src,(empty),alt: ,
landing-havenfall-blog.html,3134,img,src,(empty),alt: ,
landing-havenfall-blog.html,3140,img,src,(empty),alt: ,
news-page.html,2384,img,src,(empty),alt: ,
news-page.html,2389,img,src,(empty),alt: ,
havenfall-blogs/page-2/page2.html,2971,img,src,(empty),alt: ,
havenfall-blogs/page-2/page2.html,2977,img,src,(empty),alt: ,
havenfall-blogs/page-3/page3.html,3121,img,src,(empty),alt: ,
havenfall-blogs/page-3/page3.html,3127,img,src,(empty),alt: ,
news/haven-news-page-2.html,2461,img,src,(empty),alt: ,
news/haven-news-page-2.html,2466,img,src,(empty),alt: ,
news/news-page-2.html,2351,img,src,(empty),alt: ,
news/news-page-2.html,2356,img,src,(empty),alt: ,
ravenport-blogs/page-2/page2.html,2906,img,src,(empty),alt: ,
ravenport-blogs/page-2/page2.html,2912,img,src,(empty),alt: ,
ravenport-blogs/page-3/page3.html,3222,img,src,(empty),alt: ,
ravenport-blogs/page-3/page3.html,3228,img,src,(empty),alt: ,
