file,line,type,detail
havenfall/deardiary/deardiary-entry10.html,269,title fixed,"""Dear Diary - Entry 10"""
havenfall/deardiary/deardiary-entry11.html,244,title fixed,"""Dear Diary - Entry 11"""
havenfall/deardiary/deardiary-entry12.html,245,title fixed,"""Dear Diary - Entry 12"""
havenfall/deardiary/deardiary-entry13.html,246,title fixed,"""Dear Diary - Entry 13"""
havenfall/deardiary/deardiary-entry2.html,258,title fixed,"""Dear Diary - Entry 2"""
havenfall/deardiary/deardiary-entry3.html,246,title fixed,"""Dear Diary - Entry 3"""
havenfall/deardiary/deardiary-entry4.html,255,title fixed,"""Dear Diary - Entry 4"""
havenfall/deardiary/deardiary-entry5.html,333,title fixed,"""Dear Diary - Entry 5"""
havenfall/deardiary/deardiary-entry6.html,346,title fixed,"""Dear Diary - Entry 6"""
havenfall/deardiary/deardiary-entry7.html,298,title fixed,"""Dear Diary - Entry 7"""
havenfall/deardiary/deardiary-entry8.html,299,title fixed,"""Dear Diary - Entry 8"""
havenfall/deardiary/deardiary-entry9.html,286,title fixed,"""Dear Diary - Entry 9"""
havenfall/deardiary/index.html,362,title fixed,"""Dear Diary - Entry 1"""
havenfall/sevensteps/index.html,1646,title fixed,"""7 Steps of Death - Chapter 1 : The Unexpected Events"""
havenfall/sevensteps/sevensteps-chapter2.html,1206,title fixed,"""7 Steps of Death - Chapter 2 : The Robbery"""
ravenport/behindthecurse/index.html,1372,title fixed,"""Behind the Curse - Chapter 1 :Life in University"""
ravenport/birdshugs/birdshugs-chapter2.html,1661,title fixed,"""Behind the Curse - Chapter 1 :Life in University"""
ravenport/birdshugs/birdshugs-chapter3.html,839,title fixed,"""Bird's Hugs - Chapter 3"""
ravenport/birdshugs/index.html,716,title fixed,"""Behind the Curse - Chapter 1 :Life in University"""
