file,line,result,message
havenfall/AngelsNotes/AngelsNotes-chapter2.html,381,fixed,Home Map is not available yet.
havenfall/AngelsNotes/AngelsNotes-chapter2.html,395,fixed,City Map is not available yet.
havenfall/AngelsNotes/AngelsNotes-chapter2.html,410,fixed,Characters are not available yet.
havenfall/AngelsNotes/AngelsNotes-chapter3.html,1091,fixed,Home Map is not available yet.
havenfall/AngelsNotes/AngelsNotes-chapter3.html,1105,fixed,City Map is not available yet.
havenfall/AngelsNotes/AngelsNotes-chapter3.html,1120,fixed,Characters are not available yet.
havenfall/AngelsNotes/AngelsNotes-chapter4.html,717,fixed,Home Map is not available yet.
havenfall/AngelsNotes/AngelsNotes-chapter4.html,731,fixed,City Map is not available yet.
havenfall/AngelsNotes/AngelsNotes-chapter4.html,746,fixed,Characters are not available yet.
havenfall/AngelsNotes/AngelsNotes-chapter5.html,694,fixed,Home Map is not available yet.
havenfall/AngelsNotes/AngelsNotes-chapter5.html,708,fixed,City Map is not available yet.
havenfall/AngelsNotes/AngelsNotes-chapter5.html,723,fixed,Characters are not available yet.
havenfall/AngelsNotes/AngelsNotes-chapter6.html,776,fixed,Home Map is not available yet.
havenfall/AngelsNotes/AngelsNotes-chapter6.html,790,fixed,City Map is not available yet.
havenfall/AngelsNotes/AngelsNotes-chapter6.html,805,fixed,Characters are not available yet.
havenfall/AngelsNotes/index.html,291,fixed,Home Map is not available yet.
havenfall/AngelsNotes/index.html,305,fixed,City Map is not available yet.
havenfall/original-story/Havenfall-chapter2.html,1320,fixed,Home Map is not available yet.
havenfall/original-story/Havenfall-chapter2.html,1334,fixed,City Map is not available yet.
havenfall/original-story/Havenfall-chapter3.html,1371,fixed,Home Map is not available yet.
havenfall/original-story/Havenfall-chapter3.html,1385,fixed,City Map is not available yet.
havenfall/original-story/Havenfall-chapter4.html,2484,fixed,Home Map is not available yet.
havenfall/original-story/Havenfall-chapter4.html,2498,fixed,City Map is not available yet.
havenfall/original-story/Havenfall-chapter5.html,3075,fixed,Home Map is not available yet.
havenfall/original-story/Havenfall-chapter5.html,3089,fixed,City Map is not available yet.
havenfall/original-story/Havenfall-chapter6.html,2138,fixed,Home Map is not available yet.
havenfall/original-story/Havenfall-chapter6.html,2152,fixed,City Map is not available yet.
havenfall/original-story/Havenfall-chapter7.html,1976,fixed,Home Map is not available yet.
havenfall/original-story/Havenfall-chapter7.html,1990,fixed,City Map is not available yet.
havenfall/original-story/Havenfall-chapter8.html,1373,fixed,Home Map is not available yet.
havenfall/original-story/Havenfall-chapter8.html,1387,fixed,City Map is not available yet.
havenfall/original-story/index.html,1085,fixed,Home Map is not available yet.
havenfall/original-story/index.html,1099,fixed,City Map is not available yet.
ravenport/behindthecurse/behindthecurse-chapter2.html,1772,fixed,Home Map is not available yet.
ravenport/behindthecurse/behindthecurse-chapter2.html,1786,fixed,City Map is not available yet.
ravenport/behindthecurse/behindthecurse-chapter2.html,1801,fixed,Characters are not available yet.
ravenport/behindthecurse/behindthecurse-chapter3.html,1478,fixed,Home Map is not available yet.
ravenport/behindthecurse/behindthecurse-chapter3.html,1492,fixed,City Map is not available yet.
ravenport/behindthecurse/behindthecurse-chapter3.html,1507,fixed,Characters are not available yet.
ravenport/behindthecurse/behindthecurse-chapter4.html,1190,fixed,Home Map is not available yet.
ravenport/behindthecurse/behindthecurse-chapter4.html,1204,fixed,City Map is not available yet.
ravenport/behindthecurse/behindthecurse-chapter4.html,1219,fixed,Characters are not available yet.
ravenport/behindthecurse/behindthecurse-chapter5.html,1300,fixed,Home Map is not available yet.
ravenport/behindthecurse/behindthecurse-chapter5.html,1314,fixed,City Map is not available yet.
ravenport/behindthecurse/behindthecurse-chapter5.html,1329,fixed,Characters are not available yet.
ravenport/behindthecurse/behindthecurse-chapter6.html,1347,fixed,Home Map is not available yet.
ravenport/behindthecurse/behindthecurse-chapter6.html,1361,fixed,City Map is not available yet.
ravenport/behindthecurse/behindthecurse-chapter6.html,1376,fixed,Characters are not available yet.
ravenport/behindthecurse/index.html,1230,fixed,Home Map is not available yet.
ravenport/behindthecurse/index.html,1244,fixed,City Map is not available yet.
ravenport/behindthecurse/index.html,1259,fixed,Characters are not available yet.
ravenport/original-story/Ravenport-chapter2.html,1454,fixed,Home Map is not available yet.
ravenport/original-story/Ravenport-chapter2.html,1468,fixed,City Map is not available yet.
ravenport/original-story/Ravenport-chapter3.html,2283,fixed,Home Map is not available yet.
ravenport/original-story/Ravenport-chapter3.html,2297,fixed,City Map is not available yet.
ravenport/original-story/Ravenport-chapter4.html,2262,fixed,Home Map is not available yet.
ravenport/original-story/Ravenport-chapter4.html,2276,fixed,City Map is not available yet.
ravenport/original-story/Ravenport-chapter5.html,1648,fixed,Home Map is not available yet.
ravenport/original-story/Ravenport-chapter5.html,1662,fixed,City Map is not available yet.
ravenport/original-story/Ravenport-chapter6.html,1601,fixed,Home Map is not available yet.
ravenport/original-story/Ravenport-chapter6.html,1615,fixed,City Map is not available yet.
ravenport/original-story/Ravenport-chapter7.html,1043,fixed,Home Map is not available yet.
ravenport/original-story/Ravenport-chapter7.html,1057,fixed,City Map is not available yet.
ravenport/original-story/Ravenport-chapter8.html,1648,fixed,Home Map is not available yet.
ravenport/original-story/Ravenport-chapter8.html,1662,fixed,City Map is not available yet.
ravenport/original-story/index.html,886,fixed,Home Map is not available yet.
ravenport/original-story/index.html,900,fixed,City Map is not available yet.
ravenport/raphaasylum/index.html,1604,fixed,Home Map is not available yet.
ravenport/raphaasylum/index.html,1618,fixed,City Map is not available yet.
ravenport/raphaasylum/index.html,1633,fixed,Characters are not available yet.
