file,line,old,new,result
sevensteps-chapter3.html,13,/havenfa/sevensteps/sevensteps-og.webp,/havenfall/sevensteps/sevensteps-og.webp,fixed
havenfall/daggeroflight/index.html,12,/havenfall/daggeroflight-og.webp,/havenfall/daggeroflight/daggeroflight-og.webp,fixed
havenfall/sevensteps/index.html,13,/havenfa/sevensteps/sevensteps-og.webp,/havenfall/sevensteps/sevensteps-og.webp,fixed
havenfall/sevensteps/sevensteps-chapter2.html,13,/havenfa/sevensteps/sevensteps-og.webp,/havenfall/sevensteps/sevensteps-og.webp,fixed
occult-arcana/item.html,19,/occult-arcana/assets/occult-arcana-og.webp,/occult-arcana/occult-arcana-og.webp,fixed
ravenport/jobless/firstday.html,12,/nemxnovels-hiring-og.webp,/ravenport/jobless/nemxnovels-hiring-og.webp,fixed
ravenport/jobless/index.html,12,/nemxnovels-hiring-og.webp,/ravenport/jobless/nemxnovels-hiring-og.webp,fixed
ravenport/jobless/rules.html,12,/nemxnovels-hiring-og.webp,/ravenport/jobless/nemxnovels-hiring-og.webp,fixed
ravenport/motelbloodbath/accused-file-page.html,14,/ravenport/motelbloodbath-og.webp,/ravenport/motelbloodbath/motelbloodbath-og.webp,fixed
ravenport/motelbloodbath/victim-file-page.html,14,/ravenport/motelbloodbath-og.webp,/ravenport/motelbloodbath/motelbloodbath-og.webp,fixed
