file,line,old,new
havenfall-blogs/page-2/harticle-10.html,71,news-page.html,/news-page.html
havenfall-blogs/page-2/harticle-10.html,100,stories-page.html,/stories-page.html
havenfall-blogs/page-2/harticle-10.html,122,aboutnn.html,/aboutnn.html
havenfall-blogs/page-2/harticle-10.html,132,profilepage.html,/profilepage.html
havenfall-blogs/page-2/harticle-10.html,174,profilepage.html,/profilepage.html
havenfall-blogs/page-2/harticle-10.html,201,ravenport/original-story/,/ravenport/original-story/
havenfall-blogs/page-2/harticle-10.html,437,ravenport/original-story/,/ravenport/original-story/
havenfall-blogs/page-2/harticle-10.html,443,havenfall/original-story/,/havenfall/original-story/
havenfall-blogs/page-2/harticle-10.html,452,havenfall/AngelsNotes/,/havenfall/AngelsNotes/
havenfall-blogs/page-2/harticle-10.html,458,ravenport/bewitchinggirl/,/ravenport/bewitchinggirl/
havenfall-blogs/page-2/harticle-10.html,467,ravenport/raphaasylum/,/ravenport/raphaasylum/
havenfall-blogs/page-2/harticle-10.html,473,ravenport/behindthecurse/,/ravenport/behindthecurse/
havenfall-blogs/page-2/harticle-10.html,561,landing-havenfall-blog.html,/landing-havenfall-blog.html
havenfall-blogs/page-2/harticle-10.html,579,news-page.html,/news-page.html
havenfall-blogs/page-2/harticle-10.html,622,videos-page-raven.html,/videos-page-raven.html
havenfall-blogs/page-2/harticle-10.html,628,videos-page-haven.html,/videos-page-haven.html
havenfall-blogs/page-2/harticle-10.html,645,stories-page.html,/stories-page.html
havenfall-blogs/page-2/harticle-10.html,671,aboutnn.html,/aboutnn.html
havenfall-blogs/page-2/harticle-10.html,694,profilepage.html,/profilepage.html
havenfall-blogs/page-2/harticle-10.html,755,profilepage.html,/profilepage.html
havenfall-blogs/page-2/harticle-10.html,820,backnforth-cover.webp,/backnforth-cover.webp
havenfall-blogs/page-2/harticle-10.html,826,motelbloodbath-cover.webp,/motelbloodbath-cover.webp
havenfall-blogs/page-2/harticle-11.html,71,news-page.html,/news-page.html
havenfall-blogs/page-2/harticle-11.html,100,stories-page.html,/stories-page.html
havenfall-blogs/page-2/harticle-11.html,122,aboutnn.html,/aboutnn.html
havenfall-blogs/page-2/harticle-11.html,132,profilepage.html,/profilepage.html
havenfall-blogs/page-2/harticle-11.html,174,profilepage.html,/profilepage.html
havenfall-blogs/page-2/harticle-11.html,201,ravenport/original-story/,/ravenport/original-story/
havenfall-blogs/page-2/harticle-11.html,375,ravenport/original-story/,/ravenport/original-story/
havenfall-blogs/page-2/harticle-11.html,381,havenfall/original-story/,/havenfall/original-story/
havenfall-blogs/page-2/harticle-11.html,390,havenfall/AngelsNotes/,/havenfall/AngelsNotes/
havenfall-blogs/page-2/harticle-11.html,396,ravenport/bewitchinggirl/,/ravenport/bewitchinggirl/
havenfall-blogs/page-2/harticle-11.html,405,ravenport/raphaasylum/,/ravenport/raphaasylum/
havenfall-blogs/page-2/harticle-11.html,411,ravenport/behindthecurse/,/ravenport/behindthecurse/
havenfall-blogs/page-2/harticle-11.html,501,landing-havenfall-blog.html,/landing-havenfall-blog.html
havenfall-blogs/page-2/harticle-11.html,519,news-page.html,/news-page.html
havenfall-blogs/page-2/harticle-11.html,562,videos-page-raven.html,/videos-page-raven.html
havenfall-blogs/page-2/harticle-11.html,568,videos-page-haven.html,/videos-page-haven.html
havenfall-blogs/page-2/harticle-11.html,585,stories-page.html,/stories-page.html
havenfall-blogs/page-2/harticle-11.html,612,aboutnn.html,/aboutnn.html
havenfall-blogs/page-2/harticle-11.html,633,profilepage.html,/profilepage.html
havenfall-blogs/page-2/harticle-11.html,692,profilepage.html,/profilepage.html
havenfall-blogs/page-2/harticle-11.html,757,backnforth-cover.webp,/backnforth-cover.webp
havenfall-blogs/page-2/harticle-11.html,763,motelbloodbath-cover.webp,/motelbloodbath-cover.webp
havenfall-blogs/page-2/harticle-5.html,71,news-page.html,/news-page.html
havenfall-blogs/page-2/harticle-5.html,100,stories-page.html,/stories-page.html
havenfall-blogs/page-2/harticle-5.html,122,aboutnn.html,/aboutnn.html
havenfall-blogs/page-2/harticle-5.html,132,profilepage.html,/profilepage.html
havenfall-blogs/page-2/harticle-5.html,181,profilepage.html,/profilepage.html
havenfall-blogs/page-2/harticle-5.html,205,ravenport/original-story/,/ravenport/original-story/
havenfall-blogs/page-2/harticle-5.html,375,ravenport/original-story/,/ravenport/original-story/
havenfall-blogs/page-2/harticle-5.html,380,havenfall/original-story/,/havenfall/original-story/
havenfall-blogs/page-2/harticle-5.html,389,havenfall/AngelsNotes/,/havenfall/AngelsNotes/
havenfall-blogs/page-2/harticle-5.html,394,ravenport/bewitchinggirl/,/ravenport/bewitchinggirl/
havenfall-blogs/page-2/harticle-5.html,403,ravenport/raphaasylum/,/ravenport/raphaasylum/
havenfall-blogs/page-2/harticle-5.html,408,ravenport/behindthecurse/,/ravenport/behindthecurse/
havenfall-blogs/page-2/harticle-5.html,487,landing-havenfall-blog.html,/landing-havenfall-blog.html
havenfall-blogs/page-2/harticle-5.html,504,news-page.html,/news-page.html
havenfall-blogs/page-2/harticle-5.html,540,videos-page-raven.html,/videos-page-raven.html
havenfall-blogs/page-2/harticle-5.html,546,videos-page-haven.html,/videos-page-haven.html
havenfall-blogs/page-2/harticle-5.html,562,stories-page.html,/stories-page.html
havenfall-blogs/page-2/harticle-5.html,582,aboutnn.html,/aboutnn.html
havenfall-blogs/page-2/harticle-5.html,598,profilepage.html,/profilepage.html
havenfall-blogs/page-2/harticle-5.html,645,profilepage.html,/profilepage.html
havenfall-blogs/page-2/harticle-5.html,706,backnforth-cover.webp,/backnforth-cover.webp
havenfall-blogs/page-2/harticle-5.html,712,motelbloodbath-cover.webp,/motelbloodbath-cover.webp
havenfall-blogs/page-2/harticle-6.html,71,news-page.html,/news-page.html
havenfall-blogs/page-2/harticle-6.html,100,stories-page.html,/stories-page.html
havenfall-blogs/page-2/harticle-6.html,122,aboutnn.html,/aboutnn.html
havenfall-blogs/page-2/harticle-6.html,132,profilepage.html,/profilepage.html
havenfall-blogs/page-2/harticle-6.html,181,profilepage.html,/profilepage.html
havenfall-blogs/page-2/harticle-6.html,205,ravenport/original-story/,/ravenport/original-story/
havenfall-blogs/page-2/harticle-6.html,372,ravenport/original-story/,/ravenport/original-story/
havenfall-blogs/page-2/harticle-6.html,377,havenfall/original-story/,/havenfall/original-story/
havenfall-blogs/page-2/harticle-6.html,386,havenfall/AngelsNotes/,/havenfall/AngelsNotes/
havenfall-blogs/page-2/harticle-6.html,391,ravenport/bewitchinggirl/,/ravenport/bewitchinggirl/
havenfall-blogs/page-2/harticle-6.html,400,ravenport/raphaasylum/,/ravenport/raphaasylum/
havenfall-blogs/page-2/harticle-6.html,405,ravenport/behindthecurse/,/ravenport/behindthecurse/
havenfall-blogs/page-2/harticle-6.html,484,landing-havenfall-blog.html,/landing-havenfall-blog.html
havenfall-blogs/page-2/harticle-6.html,501,news-page.html,/news-page.html
havenfall-blogs/page-2/harticle-6.html,537,videos-page-raven.html,/videos-page-raven.html
havenfall-blogs/page-2/harticle-6.html,543,videos-page-haven.html,/videos-page-haven.html
havenfall-blogs/page-2/harticle-6.html,559,stories-page.html,/stories-page.html
havenfall-blogs/page-2/harticle-6.html,579,aboutnn.html,/aboutnn.html
havenfall-blogs/page-2/harticle-6.html,595,profilepage.html,/profilepage.html
havenfall-blogs/page-2/harticle-6.html,642,profilepage.html,/profilepage.html
havenfall-blogs/page-2/harticle-6.html,703,backnforth-cover.webp,/backnforth-cover.webp
havenfall-blogs/page-2/harticle-6.html,709,motelbloodbath-cover.webp,/motelbloodbath-cover.webp
havenfall-blogs/page-2/harticle-7.html,71,news-page.html,/news-page.html
havenfall-blogs/page-2/harticle-7.html,100,stories-page.html,/stories-page.html
havenfall-blogs/page-2/harticle-7.html,122,aboutnn.html,/aboutnn.html
havenfall-blogs/page-2/harticle-7.html,132,profilepage.html,/profilepage.html
havenfall-blogs/page-2/harticle-7.html,181,profilepage.html,/profilepage.html
havenfall-blogs/page-2/harticle-7.html,205,ravenport/original-story/,/ravenport/original-story/
havenfall-blogs/page-2/harticle-7.html,348,ravenport/original-story/,/ravenport/original-story/
havenfall-blogs/page-2/harticle-7.html,353,havenfall/original-story/,/havenfall/original-story/
havenfall-blogs/page-2/harticle-7.html,362,havenfall/AngelsNotes/,/havenfall/AngelsNotes/
havenfall-blogs/page-2/harticle-7.html,367,ravenport/bewitchinggirl/,/ravenport/bewitchinggirl/
havenfall-blogs/page-2/harticle-7.html,376,ravenport/raphaasylum/,/ravenport/raphaasylum/
havenfall-blogs/page-2/harticle-7.html,381,ravenport/behindthecurse/,/ravenport/behindthecurse/
havenfall-blogs/page-2/harticle-7.html,460,landing-havenfall-blog.html,/landing-havenfall-blog.html
havenfall-blogs/page-2/harticle-7.html,477,news-page.html,/news-page.html
havenfall-blogs/page-2/harticle-7.html,513,videos-page-raven.html,/videos-page-raven.html
havenfall-blogs/page-2/harticle-7.html,519,videos-page-haven.html,/videos-page-haven.html
havenfall-blogs/page-2/harticle-7.html,535,stories-page.html,/stories-page.html
havenfall-blogs/page-2/harticle-7.html,555,aboutnn.html,/aboutnn.html
havenfall-blogs/page-2/harticle-7.html,571,profilepage.html,/profilepage.html
havenfall-blogs/page-2/harticle-7.html,618,profilepage.html,/profilepage.html
havenfall-blogs/page-2/harticle-7.html,679,backnforth-cover.webp,/backnforth-cover.webp
havenfall-blogs/page-2/harticle-7.html,685,motelbloodbath-cover.webp,/motelbloodbath-cover.webp
havenfall-blogs/page-2/harticle-8.html,71,news-page.html,/news-page.html
havenfall-blogs/page-2/harticle-8.html,100,stories-page.html,/stories-page.html
havenfall-blogs/page-2/harticle-8.html,122,aboutnn.html,/aboutnn.html
havenfall-blogs/page-2/harticle-8.html,132,profilepage.html,/profilepage.html
havenfall-blogs/page-2/harticle-8.html,181,profilepage.html,/profilepage.html
havenfall-blogs/page-2/harticle-8.html,205,ravenport/original-story/,/ravenport/original-story/
havenfall-blogs/page-2/harticle-8.html,337,ravenport/original-story/,/ravenport/original-story/
havenfall-blogs/page-2/harticle-8.html,342,havenfall/original-story/,/havenfall/original-story/
havenfall-blogs/page-2/harticle-8.html,351,havenfall/AngelsNotes/,/havenfall/AngelsNotes/
havenfall-blogs/page-2/harticle-8.html,356,ravenport/bewitchinggirl/,/ravenport/bewitchinggirl/
havenfall-blogs/page-2/harticle-8.html,365,ravenport/raphaasylum/,/ravenport/raphaasylum/
havenfall-blogs/page-2/harticle-8.html,370,ravenport/behindthecurse/,/ravenport/behindthecurse/
havenfall-blogs/page-2/harticle-8.html,449,landing-havenfall-blog.html,/landing-havenfall-blog.html
havenfall-blogs/page-2/harticle-8.html,466,news-page.html,/news-page.html
havenfall-blogs/page-2/harticle-8.html,502,videos-page-raven.html,/videos-page-raven.html
havenfall-blogs/page-2/harticle-8.html,508,videos-page-haven.html,/videos-page-haven.html
havenfall-blogs/page-2/harticle-8.html,524,stories-page.html,/stories-page.html
havenfall-blogs/page-2/harticle-8.html,544,aboutnn.html,/aboutnn.html
havenfall-blogs/page-2/harticle-8.html,560,profilepage.html,/profilepage.html
havenfall-blogs/page-2/harticle-8.html,607,profilepage.html,/profilepage.html
havenfall-blogs/page-2/harticle-8.html,668,backnforth-cover.webp,/backnforth-cover.webp
havenfall-blogs/page-2/harticle-8.html,674,motelbloodbath-cover.webp,/motelbloodbath-cover.webp
havenfall-blogs/page-2/harticle-9.html,71,news-page.html,/news-page.html
havenfall-blogs/page-2/harticle-9.html,100,stories-page.html,/stories-page.html
havenfall-blogs/page-2/harticle-9.html,122,aboutnn.html,/aboutnn.html
havenfall-blogs/page-2/harticle-9.html,132,profilepage.html,/profilepage.html
havenfall-blogs/page-2/harticle-9.html,181,profilepage.html,/profilepage.html
havenfall-blogs/page-2/harticle-9.html,205,ravenport/original-story/,/ravenport/original-story/
havenfall-blogs/page-2/harticle-9.html,307,ravenport/original-story/,/ravenport/original-story/
havenfall-blogs/page-2/harticle-9.html,312,havenfall/original-story/,/havenfall/original-story/
havenfall-blogs/page-2/harticle-9.html,321,havenfall/AngelsNotes/,/havenfall/AngelsNotes/
havenfall-blogs/page-2/harticle-9.html,326,ravenport/bewitchinggirl/,/ravenport/bewitchinggirl/
havenfall-blogs/page-2/harticle-9.html,335,ravenport/raphaasylum/,/ravenport/raphaasylum/
havenfall-blogs/page-2/harticle-9.html,340,ravenport/behindthecurse/,/ravenport/behindthecurse/
havenfall-blogs/page-2/harticle-9.html,419,landing-havenfall-blog.html,/landing-havenfall-blog.html
havenfall-blogs/page-2/harticle-9.html,436,news-page.html,/news-page.html
havenfall-blogs/page-2/harticle-9.html,472,videos-page-raven.html,/videos-page-raven.html
havenfall-blogs/page-2/harticle-9.html,478,videos-page-haven.html,/videos-page-haven.html
havenfall-blogs/page-2/harticle-9.html,494,stories-page.html,/stories-page.html
havenfall-blogs/page-2/harticle-9.html,514,aboutnn.html,/aboutnn.html
havenfall-blogs/page-2/harticle-9.html,530,profilepage.html,/profilepage.html
havenfall-blogs/page-2/harticle-9.html,577,profilepage.html,/profilepage.html
havenfall-blogs/page-2/harticle-9.html,638,backnforth-cover.webp,/backnforth-cover.webp
havenfall-blogs/page-2/harticle-9.html,644,motelbloodbath-cover.webp,/motelbloodbath-cover.webp
havenfall-blogs/page-2/page2.html,7,havenfall/original-story/index.html,/havenfall/original-story/index.html
havenfall-blogs/page-2/page2.html,8,havenfall/angelsnotes/index.html,/havenfall/angelsnotes/index.html
havenfall-blogs/page-2/page2.html,9,ravenport/original-story/index.html,/ravenport/original-story/index.html
havenfall-blogs/page-2/page2.html,11,ravenport/bewitchinggirl/index.html,/ravenport/bewitchinggirl/index.html
havenfall-blogs/page-2/page2.html,222,news-page.html,/news-page.html
havenfall-blogs/page-2/page2.html,361,news-page.html,/news-page.html
havenfall-blogs/page-2/page2.html,1855,backnforth-cover.webp,/backnforth-cover.webp
havenfall-blogs/page-2/page2.html,1861,motelbloodbath-cover.webp,/motelbloodbath-cover.webp
havenfall-blogs/page-3/harticle-12.html,71,news-page.html,/news-page.html
havenfall-blogs/page-3/harticle-12.html,100,stories-page.html,/stories-page.html
havenfall-blogs/page-3/harticle-12.html,122,aboutnn.html,/aboutnn.html
havenfall-blogs/page-3/harticle-12.html,132,profilepage.html,/profilepage.html
havenfall-blogs/page-3/harticle-12.html,181,profilepage.html,/profilepage.html
havenfall-blogs/page-3/harticle-12.html,205,ravenport/original-story/,/ravenport/original-story/
havenfall-blogs/page-3/harticle-12.html,326,ravenport/original-story/,/ravenport/original-story/
havenfall-blogs/page-3/harticle-12.html,331,havenfall/original-story/,/havenfall/original-story/
havenfall-blogs/page-3/harticle-12.html,340,havenfall/AngelsNotes/,/havenfall/AngelsNotes/
havenfall-blogs/page-3/harticle-12.html,345,ravenport/bewitchinggirl/,/ravenport/bewitchinggirl/
havenfall-blogs/page-3/harticle-12.html,354,ravenport/raphaasylum/,/ravenport/raphaasylum/
havenfall-blogs/page-3/harticle-12.html,359,ravenport/behindthecurse/,/ravenport/behindthecurse/
havenfall-blogs/page-3/harticle-12.html,438,landing-havenfall-blog.html,/landing-havenfall-blog.html
havenfall-blogs/page-3/harticle-12.html,455,news-page.html,/news-page.html
havenfall-blogs/page-3/harticle-12.html,491,videos-page-raven.html,/videos-page-raven.html
havenfall-blogs/page-3/harticle-12.html,497,videos-page-haven.html,/videos-page-haven.html
havenfall-blogs/page-3/harticle-12.html,513,stories-page.html,/stories-page.html
havenfall-blogs/page-3/harticle-12.html,533,aboutnn.html,/aboutnn.html
havenfall-blogs/page-3/harticle-12.html,549,profilepage.html,/profilepage.html
havenfall-blogs/page-3/harticle-12.html,596,profilepage.html,/profilepage.html
havenfall-blogs/page-3/harticle-12.html,657,backnforth-cover.webp,/backnforth-cover.webp
havenfall-blogs/page-3/harticle-12.html,663,motelbloodbath-cover.webp,/motelbloodbath-cover.webp
havenfall-blogs/page-3/harticle-13.html,71,news-page.html,/news-page.html
havenfall-blogs/page-3/harticle-13.html,100,stories-page.html,/stories-page.html
havenfall-blogs/page-3/harticle-13.html,122,aboutnn.html,/aboutnn.html
havenfall-blogs/page-3/harticle-13.html,132,profilepage.html,/profilepage.html
havenfall-blogs/page-3/harticle-13.html,181,profilepage.html,/profilepage.html
havenfall-blogs/page-3/harticle-13.html,205,ravenport/original-story/,/ravenport/original-story/
havenfall-blogs/page-3/harticle-13.html,300,ravenport/original-story/,/ravenport/original-story/
havenfall-blogs/page-3/harticle-13.html,305,havenfall/original-story/,/havenfall/original-story/
havenfall-blogs/page-3/harticle-13.html,314,havenfall/AngelsNotes/,/havenfall/AngelsNotes/
havenfall-blogs/page-3/harticle-13.html,319,ravenport/bewitchinggirl/,/ravenport/bewitchinggirl/
havenfall-blogs/page-3/harticle-13.html,328,ravenport/raphaasylum/,/ravenport/raphaasylum/
havenfall-blogs/page-3/harticle-13.html,333,ravenport/behindthecurse/,/ravenport/behindthecurse/
havenfall-blogs/page-3/harticle-13.html,412,landing-havenfall-blog.html,/landing-havenfall-blog.html
havenfall-blogs/page-3/harticle-13.html,429,news-page.html,/news-page.html
havenfall-blogs/page-3/harticle-13.html,465,videos-page-raven.html,/videos-page-raven.html
havenfall-blogs/page-3/harticle-13.html,471,videos-page-haven.html,/videos-page-haven.html
havenfall-blogs/page-3/harticle-13.html,487,stories-page.html,/stories-page.html
havenfall-blogs/page-3/harticle-13.html,507,aboutnn.html,/aboutnn.html
havenfall-blogs/page-3/harticle-13.html,523,profilepage.html,/profilepage.html
havenfall-blogs/page-3/harticle-13.html,570,profilepage.html,/profilepage.html
havenfall-blogs/page-3/harticle-13.html,631,backnforth-cover.webp,/backnforth-cover.webp
havenfall-blogs/page-3/harticle-13.html,637,motelbloodbath-cover.webp,/motelbloodbath-cover.webp
havenfall-blogs/page-3/harticle-14.html,71,news-page.html,/news-page.html
havenfall-blogs/page-3/harticle-14.html,100,stories-page.html,/stories-page.html
havenfall-blogs/page-3/harticle-14.html,122,aboutnn.html,/aboutnn.html
havenfall-blogs/page-3/harticle-14.html,132,profilepage.html,/profilepage.html
havenfall-blogs/page-3/harticle-14.html,181,profilepage.html,/profilepage.html
havenfall-blogs/page-3/harticle-14.html,205,ravenport/original-story/,/ravenport/original-story/
havenfall-blogs/page-3/harticle-14.html,337,ravenport/original-story/,/ravenport/original-story/
havenfall-blogs/page-3/harticle-14.html,342,havenfall/original-story/,/havenfall/original-story/
havenfall-blogs/page-3/harticle-14.html,351,havenfall/AngelsNotes/,/havenfall/AngelsNotes/
havenfall-blogs/page-3/harticle-14.html,356,ravenport/bewitchinggirl/,/ravenport/bewitchinggirl/
havenfall-blogs/page-3/harticle-14.html,365,ravenport/raphaasylum/,/ravenport/raphaasylum/
havenfall-blogs/page-3/harticle-14.html,370,ravenport/behindthecurse/,/ravenport/behindthecurse/
havenfall-blogs/page-3/harticle-14.html,449,landing-havenfall-blog.html,/landing-havenfall-blog.html
havenfall-blogs/page-3/harticle-14.html,466,news-page.html,/news-page.html
havenfall-blogs/page-3/harticle-14.html,502,videos-page-raven.html,/videos-page-raven.html
havenfall-blogs/page-3/harticle-14.html,508,videos-page-haven.html,/videos-page-haven.html
havenfall-blogs/page-3/harticle-14.html,524,stories-page.html,/stories-page.html
havenfall-blogs/page-3/harticle-14.html,544,aboutnn.html,/aboutnn.html
havenfall-blogs/page-3/harticle-14.html,560,profilepage.html,/profilepage.html
havenfall-blogs/page-3/harticle-14.html,607,profilepage.html,/profilepage.html
havenfall-blogs/page-3/harticle-14.html,668,backnforth-cover.webp,/backnforth-cover.webp
havenfall-blogs/page-3/harticle-14.html,674,motelbloodbath-cover.webp,/motelbloodbath-cover.webp
havenfall-blogs/page-3/harticle-15.html,71,news-page.html,/news-page.html
havenfall-blogs/page-3/harticle-15.html,100,stories-page.html,/stories-page.html
havenfall-blogs/page-3/harticle-15.html,122,aboutnn.html,/aboutnn.html
havenfall-blogs/page-3/harticle-15.html,132,profilepage.html,/profilepage.html
havenfall-blogs/page-3/harticle-15.html,181,profilepage.html,/profilepage.html
havenfall-blogs/page-3/harticle-15.html,205,ravenport/original-story/,/ravenport/original-story/
havenfall-blogs/page-3/harticle-15.html,312,ravenport/original-story/,/ravenport/original-story/
havenfall-blogs/page-3/harticle-15.html,317,havenfall/original-story/,/havenfall/original-story/
havenfall-blogs/page-3/harticle-15.html,326,havenfall/AngelsNotes/,/havenfall/AngelsNotes/
havenfall-blogs/page-3/harticle-15.html,331,ravenport/bewitchinggirl/,/ravenport/bewitchinggirl/
havenfall-blogs/page-3/harticle-15.html,340,ravenport/raphaasylum/,/ravenport/raphaasylum/
havenfall-blogs/page-3/harticle-15.html,345,ravenport/behindthecurse/,/ravenport/behindthecurse/
havenfall-blogs/page-3/harticle-15.html,424,landing-havenfall-blog.html,/landing-havenfall-blog.html
havenfall-blogs/page-3/harticle-15.html,441,news-page.html,/news-page.html
havenfall-blogs/page-3/harticle-15.html,477,videos-page-raven.html,/videos-page-raven.html
havenfall-blogs/page-3/harticle-15.html,483,videos-page-haven.html,/videos-page-haven.html
havenfall-blogs/page-3/harticle-15.html,499,stories-page.html,/stories-page.html
havenfall-blogs/page-3/harticle-15.html,519,aboutnn.html,/aboutnn.html
havenfall-blogs/page-3/harticle-15.html,535,profilepage.html,/profilepage.html
havenfall-blogs/page-3/harticle-15.html,582,profilepage.html,/profilepage.html
havenfall-blogs/page-3/harticle-15.html,643,backnforth-cover.webp,/backnforth-cover.webp
havenfall-blogs/page-3/harticle-15.html,649,motelbloodbath-cover.webp,/motelbloodbath-cover.webp
havenfall-blogs/page-3/harticle-16.html,71,news-page.html,/news-page.html
havenfall-blogs/page-3/harticle-16.html,100,stories-page.html,/stories-page.html
havenfall-blogs/page-3/harticle-16.html,122,aboutnn.html,/aboutnn.html
havenfall-blogs/page-3/harticle-16.html,132,profilepage.html,/profilepage.html
havenfall-blogs/page-3/harticle-16.html,181,profilepage.html,/profilepage.html
havenfall-blogs/page-3/harticle-16.html,205,ravenport/original-story/,/ravenport/original-story/
havenfall-blogs/page-3/harticle-16.html,266,ravenport/original-story/,/ravenport/original-story/
havenfall-blogs/page-3/harticle-16.html,271,havenfall/original-story/,/havenfall/original-story/
havenfall-blogs/page-3/harticle-16.html,280,havenfall/AngelsNotes/,/havenfall/AngelsNotes/
havenfall-blogs/page-3/harticle-16.html,285,ravenport/bewitchinggirl/,/ravenport/bewitchinggirl/
havenfall-blogs/page-3/harticle-16.html,294,ravenport/raphaasylum/,/ravenport/raphaasylum/
havenfall-blogs/page-3/harticle-16.html,299,ravenport/behindthecurse/,/ravenport/behindthecurse/
havenfall-blogs/page-3/harticle-16.html,378,landing-havenfall-blog.html,/landing-havenfall-blog.html
havenfall-blogs/page-3/harticle-16.html,395,news-page.html,/news-page.html
havenfall-blogs/page-3/harticle-16.html,431,videos-page-raven.html,/videos-page-raven.html
havenfall-blogs/page-3/harticle-16.html,437,videos-page-haven.html,/videos-page-haven.html
havenfall-blogs/page-3/harticle-16.html,453,stories-page.html,/stories-page.html
havenfall-blogs/page-3/harticle-16.html,473,aboutnn.html,/aboutnn.html
havenfall-blogs/page-3/harticle-16.html,489,profilepage.html,/profilepage.html
havenfall-blogs/page-3/harticle-16.html,536,profilepage.html,/profilepage.html
havenfall-blogs/page-3/harticle-16.html,597,backnforth-cover.webp,/backnforth-cover.webp
havenfall-blogs/page-3/harticle-16.html,603,motelbloodbath-cover.webp,/motelbloodbath-cover.webp
havenfall-blogs/page-3/page3.html,7,havenfall/original-story/index.html,/havenfall/original-story/index.html
havenfall-blogs/page-3/page3.html,8,havenfall/angelsnotes/index.html,/havenfall/angelsnotes/index.html
havenfall-blogs/page-3/page3.html,9,ravenport/original-story/index.html,/ravenport/original-story/index.html
havenfall-blogs/page-3/page3.html,11,ravenport/bewitchinggirl/index.html,/ravenport/bewitchinggirl/index.html
havenfall-blogs/page-3/page3.html,74,news-page.html,/news-page.html
havenfall-blogs/page-3/page3.html,362,news-page.html,/news-page.html
havenfall-blogs/page-3/page3.html,1710,backnforth-cover.webp,/backnforth-cover.webp
havenfall-blogs/page-3/page3.html,1716,motelbloodbath-cover.webp,/motelbloodbath-cover.webp
news/haven-news-page-2.html,220,news-page.html,/news-page.html
news/haven-news-page-2.html,1239,ravenport/original-story/,/ravenport/original-story/
news/haven-news-page-2.html,1244,havenfall/original-story/,/havenfall/original-story/
news/haven-news-page-2.html,1253,havenfall/AngelsNotes/,/havenfall/AngelsNotes/
news/haven-news-page-2.html,1258,ravenport/bewitchinggirl/,/ravenport/bewitchinggirl/
news/haven-news-page-2.html,1267,ravenport/raphaasylum/,/ravenport/raphaasylum/
news/haven-news-page-2.html,1272,ravenport/behindthecurse/,/ravenport/behindthecurse/
news/hnews-16.html,73,news-page.html,/news-page.html
news/hnews-16.html,102,stories-page.html,/stories-page.html
news/hnews-16.html,124,aboutnn.html,/aboutnn.html
news/hnews-16.html,134,profilepage.html,/profilepage.html
news/hnews-16.html,183,profilepage.html,/profilepage.html
news/hnews-16.html,206,ravenport/original-story/,/ravenport/original-story/
news/hnews-16.html,329,ravenport/original-story/,/ravenport/original-story/
news/hnews-16.html,334,havenfall/original-story/,/havenfall/original-story/
news/hnews-16.html,343,havenfall/AngelsNotes/,/havenfall/AngelsNotes/
news/hnews-16.html,348,ravenport/bewitchinggirl/,/ravenport/bewitchinggirl/
news/hnews-16.html,357,ravenport/raphaasylum/,/ravenport/raphaasylum/
news/hnews-16.html,362,ravenport/behindthecurse/,/ravenport/behindthecurse/
news/hnews-16.html,435,index.html,/index.html
news/hnews-16.html,441,landing-havenfall-blog.html,/landing-havenfall-blog.html
news/hnews-16.html,458,news-page.html,/news-page.html
news/hnews-16.html,494,videos-page-raven.html,/videos-page-raven.html
news/hnews-16.html,500,videos-page-haven.html,/videos-page-haven.html
news/hnews-16.html,516,stories-page.html,/stories-page.html
news/hnews-16.html,536,aboutnn.html,/aboutnn.html
news/hnews-16.html,552,profilepage.html,/profilepage.html
news/hnews-16.html,599,profilepage.html,/profilepage.html
news/hnews-17.html,73,news-page.html,/news-page.html
news/hnews-17.html,102,stories-page.html,/stories-page.html
news/hnews-17.html,124,aboutnn.html,/aboutnn.html
news/hnews-17.html,134,profilepage.html,/profilepage.html
news/hnews-17.html,183,profilepage.html,/profilepage.html
news/hnews-17.html,206,ravenport/original-story/,/ravenport/original-story/
news/hnews-17.html,300,ravenport/original-story/,/ravenport/original-story/
news/hnews-17.html,305,havenfall/original-story/,/havenfall/original-story/
news/hnews-17.html,314,havenfall/AngelsNotes/,/havenfall/AngelsNotes/
news/hnews-17.html,319,ravenport/bewitchinggirl/,/ravenport/bewitchinggirl/
news/hnews-17.html,328,ravenport/raphaasylum/,/ravenport/raphaasylum/
news/hnews-17.html,333,ravenport/behindthecurse/,/ravenport/behindthecurse/
news/hnews-17.html,406,index.html,/index.html
news/hnews-17.html,412,landing-havenfall-blog.html,/landing-havenfall-blog.html
news/hnews-17.html,429,news-page.html,/news-page.html
news/hnews-17.html,465,videos-page-raven.html,/videos-page-raven.html
news/hnews-17.html,471,videos-page-haven.html,/videos-page-haven.html
news/hnews-17.html,487,stories-page.html,/stories-page.html
news/hnews-17.html,507,aboutnn.html,/aboutnn.html
news/hnews-17.html,523,profilepage.html,/profilepage.html
news/hnews-17.html,570,profilepage.html,/profilepage.html
news/hnews-18.html,73,news-page.html,/news-page.html
news/hnews-18.html,102,stories-page.html,/stories-page.html
news/hnews-18.html,124,aboutnn.html,/aboutnn.html
news/hnews-18.html,134,profilepage.html,/profilepage.html
news/hnews-18.html,183,profilepage.html,/profilepage.html
news/hnews-18.html,206,ravenport/original-story/,/ravenport/original-story/
news/hnews-18.html,320,ravenport/original-story/,/ravenport/original-story/
news/hnews-18.html,325,havenfall/original-story/,/havenfall/original-story/
news/hnews-18.html,334,havenfall/AngelsNotes/,/havenfall/AngelsNotes/
news/hnews-18.html,339,ravenport/bewitchinggirl/,/ravenport/bewitchinggirl/
news/hnews-18.html,348,ravenport/raphaasylum/,/ravenport/raphaasylum/
news/hnews-18.html,353,ravenport/behindthecurse/,/ravenport/behindthecurse/
news/hnews-18.html,426,index.html,/index.html
news/hnews-18.html,432,landing-havenfall-blog.html,/landing-havenfall-blog.html
news/hnews-18.html,449,news-page.html,/news-page.html
news/hnews-18.html,485,videos-page-raven.html,/videos-page-raven.html
news/hnews-18.html,491,videos-page-haven.html,/videos-page-haven.html
news/hnews-18.html,507,stories-page.html,/stories-page.html
news/hnews-18.html,527,aboutnn.html,/aboutnn.html
news/hnews-18.html,543,profilepage.html,/profilepage.html
news/hnews-18.html,590,profilepage.html,/profilepage.html
news/hnews-19.html,73,news-page.html,/news-page.html
news/hnews-19.html,102,stories-page.html,/stories-page.html
news/hnews-19.html,124,aboutnn.html,/aboutnn.html
news/hnews-19.html,134,profilepage.html,/profilepage.html
news/hnews-19.html,183,profilepage.html,/profilepage.html
news/hnews-19.html,206,ravenport/original-story/,/ravenport/original-story/
news/hnews-19.html,334,ravenport/original-story/,/ravenport/original-story/
news/hnews-19.html,339,havenfall/original-story/,/havenfall/original-story/
news/hnews-19.html,348,havenfall/AngelsNotes/,/havenfall/AngelsNotes/
news/hnews-19.html,353,ravenport/bewitchinggirl/,/ravenport/bewitchinggirl/
news/hnews-19.html,362,ravenport/raphaasylum/,/ravenport/raphaasylum/
news/hnews-19.html,367,ravenport/behindthecurse/,/ravenport/behindthecurse/
news/hnews-19.html,440,index.html,/index.html
news/hnews-19.html,446,landing-havenfall-blog.html,/landing-havenfall-blog.html
news/hnews-19.html,463,news-page.html,/news-page.html
news/hnews-19.html,499,videos-page-raven.html,/videos-page-raven.html
news/hnews-19.html,505,videos-page-haven.html,/videos-page-haven.html
news/hnews-19.html,521,stories-page.html,/stories-page.html
news/hnews-19.html,541,aboutnn.html,/aboutnn.html
news/hnews-19.html,557,profilepage.html,/profilepage.html
news/hnews-19.html,604,profilepage.html,/profilepage.html
news/hnews-20.html,73,news-page.html,/news-page.html
news/hnews-20.html,102,stories-page.html,/stories-page.html
news/hnews-20.html,124,aboutnn.html,/aboutnn.html
news/hnews-20.html,134,profilepage.html,/profilepage.html
news/hnews-20.html,183,profilepage.html,/profilepage.html
news/hnews-20.html,206,ravenport/original-story/,/ravenport/original-story/
news/hnews-20.html,340,ravenport/original-story/,/ravenport/original-story/
news/hnews-20.html,345,havenfall/original-story/,/havenfall/original-story/
news/hnews-20.html,354,havenfall/AngelsNotes/,/havenfall/AngelsNotes/
news/hnews-20.html,359,ravenport/bewitchinggirl/,/ravenport/bewitchinggirl/
news/hnews-20.html,368,ravenport/raphaasylum/,/ravenport/raphaasylum/
news/hnews-20.html,373,ravenport/behindthecurse/,/ravenport/behindthecurse/
news/hnews-20.html,446,index.html,/index.html
news/hnews-20.html,452,landing-havenfall-blog.html,/landing-havenfall-blog.html
news/hnews-20.html,469,news-page.html,/news-page.html
news/hnews-20.html,505,videos-page-raven.html,/videos-page-raven.html
news/hnews-20.html,511,videos-page-haven.html,/videos-page-haven.html
news/hnews-20.html,527,stories-page.html,/stories-page.html
news/hnews-20.html,547,aboutnn.html,/aboutnn.html
news/hnews-20.html,563,profilepage.html,/profilepage.html
news/hnews-20.html,610,profilepage.html,/profilepage.html
news/hnews-21.html,73,news-page.html,/news-page.html
news/hnews-21.html,102,stories-page.html,/stories-page.html
news/hnews-21.html,124,aboutnn.html,/aboutnn.html
news/hnews-21.html,134,profilepage.html,/profilepage.html
news/hnews-21.html,183,profilepage.html,/profilepage.html
news/hnews-21.html,206,ravenport/original-story/,/ravenport/original-story/
news/hnews-21.html,276,ravenport/original-story/,/ravenport/original-story/
news/hnews-21.html,281,havenfall/original-story/,/havenfall/original-story/
news/hnews-21.html,290,havenfall/AngelsNotes/,/havenfall/AngelsNotes/
news/hnews-21.html,295,ravenport/bewitchinggirl/,/ravenport/bewitchinggirl/
news/hnews-21.html,304,ravenport/raphaasylum/,/ravenport/raphaasylum/
news/hnews-21.html,309,ravenport/behindthecurse/,/ravenport/behindthecurse/
news/hnews-21.html,382,index.html,/index.html
news/hnews-21.html,388,landing-havenfall-blog.html,/landing-havenfall-blog.html
news/hnews-21.html,405,news-page.html,/news-page.html
news/hnews-21.html,441,videos-page-raven.html,/videos-page-raven.html
news/hnews-21.html,447,videos-page-haven.html,/videos-page-haven.html
news/hnews-21.html,463,stories-page.html,/stories-page.html
news/hnews-21.html,483,aboutnn.html,/aboutnn.html
news/hnews-21.html,499,profilepage.html,/profilepage.html
news/hnews-21.html,546,profilepage.html,/profilepage.html
news/hnews-22.html,73,news-page.html,/news-page.html
news/hnews-22.html,102,stories-page.html,/stories-page.html
news/hnews-22.html,124,aboutnn.html,/aboutnn.html
news/hnews-22.html,134,profilepage.html,/profilepage.html
news/hnews-22.html,183,profilepage.html,/profilepage.html
news/hnews-22.html,206,ravenport/original-story/,/ravenport/original-story/
news/hnews-22.html,274,ravenport/original-story/,/ravenport/original-story/
news/hnews-22.html,279,havenfall/original-story/,/havenfall/original-story/
news/hnews-22.html,288,havenfall/AngelsNotes/,/havenfall/AngelsNotes/
news/hnews-22.html,293,ravenport/bewitchinggirl/,/ravenport/bewitchinggirl/
news/hnews-22.html,302,ravenport/raphaasylum/,/ravenport/raphaasylum/
news/hnews-22.html,307,ravenport/behindthecurse/,/ravenport/behindthecurse/
news/hnews-22.html,380,index.html,/index.html
news/hnews-22.html,386,landing-havenfall-blog.html,/landing-havenfall-blog.html
news/hnews-22.html,403,news-page.html,/news-page.html
news/hnews-22.html,439,videos-page-raven.html,/videos-page-raven.html
news/hnews-22.html,445,videos-page-haven.html,/videos-page-haven.html
news/hnews-22.html,461,stories-page.html,/stories-page.html
news/hnews-22.html,481,aboutnn.html,/aboutnn.html
news/hnews-22.html,497,profilepage.html,/profilepage.html
news/hnews-22.html,544,profilepage.html,/profilepage.html
news/hnews-23.html,73,news-page.html,/news-page.html
news/hnews-23.html,102,stories-page.html,/stories-page.html
news/hnews-23.html,124,aboutnn.html,/aboutnn.html
news/hnews-23.html,134,profilepage.html,/profilepage.html
news/hnews-23.html,183,profilepage.html,/profilepage.html
news/hnews-23.html,206,ravenport/original-story/,/ravenport/original-story/
news/hnews-23.html,278,ravenport/original-story/,/ravenport/original-story/
news/hnews-23.html,283,havenfall/original-story/,/havenfall/original-story/
news/hnews-23.html,292,havenfall/AngelsNotes/,/havenfall/AngelsNotes/
news/hnews-23.html,297,ravenport/bewitchinggirl/,/ravenport/bewitchinggirl/
news/hnews-23.html,306,ravenport/raphaasylum/,/ravenport/raphaasylum/
news/hnews-23.html,311,ravenport/behindthecurse/,/ravenport/behindthecurse/
news/hnews-23.html,384,index.html,/index.html
news/hnews-23.html,390,landing-havenfall-blog.html,/landing-havenfall-blog.html
news/hnews-23.html,407,news-page.html,/news-page.html
news/hnews-23.html,443,videos-page-raven.html,/videos-page-raven.html
news/hnews-23.html,449,videos-page-haven.html,/videos-page-haven.html
news/hnews-23.html,465,stories-page.html,/stories-page.html
news/hnews-23.html,485,aboutnn.html,/aboutnn.html
news/hnews-23.html,501,profilepage.html,/profilepage.html
news/hnews-23.html,548,profilepage.html,/profilepage.html
news/hnews-24.html,73,news-page.html,/news-page.html
news/hnews-24.html,102,stories-page.html,/stories-page.html
news/hnews-24.html,124,aboutnn.html,/aboutnn.html
news/hnews-24.html,134,profilepage.html,/profilepage.html
news/hnews-24.html,183,profilepage.html,/profilepage.html
news/hnews-24.html,206,ravenport/original-story/,/ravenport/original-story/
news/hnews-24.html,292,ravenport/original-story/,/ravenport/original-story/
news/hnews-24.html,297,havenfall/original-story/,/havenfall/original-story/
news/hnews-24.html,306,havenfall/AngelsNotes/,/havenfall/AngelsNotes/
news/hnews-24.html,311,ravenport/bewitchinggirl/,/ravenport/bewitchinggirl/
news/hnews-24.html,320,ravenport/raphaasylum/,/ravenport/raphaasylum/
news/hnews-24.html,325,ravenport/behindthecurse/,/ravenport/behindthecurse/
news/hnews-24.html,398,index.html,/index.html
news/hnews-24.html,404,landing-havenfall-blog.html,/landing-havenfall-blog.html
news/hnews-24.html,421,news-page.html,/news-page.html
news/hnews-24.html,457,videos-page-raven.html,/videos-page-raven.html
news/hnews-24.html,463,videos-page-haven.html,/videos-page-haven.html
news/hnews-24.html,479,stories-page.html,/stories-page.html
news/hnews-24.html,499,aboutnn.html,/aboutnn.html
news/hnews-24.html,515,profilepage.html,/profilepage.html
news/hnews-24.html,562,profilepage.html,/profilepage.html
news/hnews-25.html,73,news-page.html,/news-page.html
news/hnews-25.html,102,stories-page.html,/stories-page.html
news/hnews-25.html,124,aboutnn.html,/aboutnn.html
news/hnews-25.html,134,profilepage.html,/profilepage.html
news/hnews-25.html,183,profilepage.html,/profilepage.html
news/hnews-25.html,206,ravenport/original-story/,/ravenport/original-story/
news/hnews-25.html,272,ravenport/original-story/,/ravenport/original-story/
news/hnews-25.html,277,havenfall/original-story/,/havenfall/original-story/
news/hnews-25.html,286,havenfall/AngelsNotes/,/havenfall/AngelsNotes/
news/hnews-25.html,291,ravenport/bewitchinggirl/,/ravenport/bewitchinggirl/
news/hnews-25.html,300,ravenport/raphaasylum/,/ravenport/raphaasylum/
news/hnews-25.html,305,ravenport/behindthecurse/,/ravenport/behindthecurse/
news/hnews-25.html,378,index.html,/index.html
news/hnews-25.html,384,landing-havenfall-blog.html,/landing-havenfall-blog.html
news/hnews-25.html,401,news-page.html,/news-page.html
news/hnews-25.html,437,videos-page-raven.html,/videos-page-raven.html
news/hnews-25.html,443,videos-page-haven.html,/videos-page-haven.html
news/hnews-25.html,459,stories-page.html,/stories-page.html
news/hnews-25.html,479,aboutnn.html,/aboutnn.html
news/hnews-25.html,495,profilepage.html,/profilepage.html
news/hnews-25.html,542,profilepage.html,/profilepage.html
news/hnews-26.html,73,news-page.html,/news-page.html
news/hnews-26.html,102,stories-page.html,/stories-page.html
news/hnews-26.html,124,aboutnn.html,/aboutnn.html
news/hnews-26.html,134,profilepage.html,/profilepage.html
news/hnews-26.html,183,profilepage.html,/profilepage.html
news/hnews-26.html,206,ravenport/original-story/,/ravenport/original-story/
news/hnews-26.html,274,ravenport/original-story/,/ravenport/original-story/
news/hnews-26.html,279,havenfall/original-story/,/havenfall/original-story/
news/hnews-26.html,288,havenfall/AngelsNotes/,/havenfall/AngelsNotes/
news/hnews-26.html,293,ravenport/bewitchinggirl/,/ravenport/bewitchinggirl/
news/hnews-26.html,302,ravenport/raphaasylum/,/ravenport/raphaasylum/
news/hnews-26.html,307,ravenport/behindthecurse/,/ravenport/behindthecurse/
news/hnews-26.html,380,index.html,/index.html
news/hnews-26.html,386,landing-havenfall-blog.html,/landing-havenfall-blog.html
news/hnews-26.html,403,news-page.html,/news-page.html
news/hnews-26.html,439,videos-page-raven.html,/videos-page-raven.html
news/hnews-26.html,445,videos-page-haven.html,/videos-page-haven.html
news/hnews-26.html,461,stories-page.html,/stories-page.html
news/hnews-26.html,481,aboutnn.html,/aboutnn.html
news/hnews-26.html,497,profilepage.html,/profilepage.html
news/hnews-26.html,544,profilepage.html,/profilepage.html
news/hnews-27.html,73,news-page.html,/news-page.html
news/hnews-27.html,102,stories-page.html,/stories-page.html
news/hnews-27.html,124,aboutnn.html,/aboutnn.html
news/hnews-27.html,134,profilepage.html,/profilepage.html
news/hnews-27.html,183,profilepage.html,/profilepage.html
news/hnews-27.html,206,ravenport/original-story/,/ravenport/original-story/
news/hnews-27.html,270,ravenport/original-story/,/ravenport/original-story/
news/hnews-27.html,275,havenfall/original-story/,/havenfall/original-story/
news/hnews-27.html,284,havenfall/AngelsNotes/,/havenfall/AngelsNotes/
news/hnews-27.html,289,ravenport/bewitchinggirl/,/ravenport/bewitchinggirl/
news/hnews-27.html,298,ravenport/raphaasylum/,/ravenport/raphaasylum/
news/hnews-27.html,303,ravenport/behindthecurse/,/ravenport/behindthecurse/
news/hnews-27.html,376,index.html,/index.html
news/hnews-27.html,382,landing-havenfall-blog.html,/landing-havenfall-blog.html
news/hnews-27.html,399,news-page.html,/news-page.html
news/hnews-27.html,435,videos-page-raven.html,/videos-page-raven.html
news/hnews-27.html,441,videos-page-haven.html,/videos-page-haven.html
news/hnews-27.html,457,stories-page.html,/stories-page.html
news/hnews-27.html,477,aboutnn.html,/aboutnn.html
news/hnews-27.html,493,profilepage.html,/profilepage.html
news/hnews-27.html,540,profilepage.html,/profilepage.html
news/hnews-28.html,73,news-page.html,/news-page.html
news/hnews-28.html,102,stories-page.html,/stories-page.html
news/hnews-28.html,124,aboutnn.html,/aboutnn.html
news/hnews-28.html,134,profilepage.html,/profilepage.html
news/hnews-28.html,183,profilepage.html,/profilepage.html
news/hnews-28.html,206,ravenport/original-story/,/ravenport/original-story/
news/hnews-28.html,266,ravenport/original-story/,/ravenport/original-story/
news/hnews-28.html,271,havenfall/original-story/,/havenfall/original-story/
news/hnews-28.html,280,havenfall/AngelsNotes/,/havenfall/AngelsNotes/
news/hnews-28.html,285,ravenport/bewitchinggirl/,/ravenport/bewitchinggirl/
news/hnews-28.html,294,ravenport/raphaasylum/,/ravenport/raphaasylum/
news/hnews-28.html,299,ravenport/behindthecurse/,/ravenport/behindthecurse/
news/hnews-28.html,372,index.html,/index.html
news/hnews-28.html,378,landing-havenfall-blog.html,/landing-havenfall-blog.html
news/hnews-28.html,395,news-page.html,/news-page.html
news/hnews-28.html,431,videos-page-raven.html,/videos-page-raven.html
news/hnews-28.html,437,videos-page-haven.html,/videos-page-haven.html
news/hnews-28.html,453,stories-page.html,/stories-page.html
news/hnews-28.html,473,aboutnn.html,/aboutnn.html
news/hnews-28.html,489,profilepage.html,/profilepage.html
news/hnews-28.html,536,profilepage.html,/profilepage.html
news/hnews-29.html,73,news-page.html,/news-page.html
news/hnews-29.html,102,stories-page.html,/stories-page.html
news/hnews-29.html,124,aboutnn.html,/aboutnn.html
news/hnews-29.html,134,profilepage.html,/profilepage.html
news/hnews-29.html,183,profilepage.html,/profilepage.html
news/hnews-29.html,206,ravenport/original-story/,/ravenport/original-story/
news/hnews-29.html,270,ravenport/original-story/,/ravenport/original-story/
news/hnews-29.html,275,havenfall/original-story/,/havenfall/original-story/
news/hnews-29.html,284,havenfall/AngelsNotes/,/havenfall/AngelsNotes/
news/hnews-29.html,289,ravenport/bewitchinggirl/,/ravenport/bewitchinggirl/
news/hnews-29.html,298,ravenport/raphaasylum/,/ravenport/raphaasylum/
news/hnews-29.html,303,ravenport/behindthecurse/,/ravenport/behindthecurse/
news/hnews-29.html,376,index.html,/index.html
news/hnews-29.html,382,landing-havenfall-blog.html,/landing-havenfall-blog.html
news/hnews-29.html,399,news-page.html,/news-page.html
news/hnews-29.html,435,videos-page-raven.html,/videos-page-raven.html
news/hnews-29.html,441,videos-page-haven.html,/videos-page-haven.html
news/hnews-29.html,457,stories-page.html,/stories-page.html
news/hnews-29.html,477,aboutnn.html,/aboutnn.html
news/hnews-29.html,493,profilepage.html,/profilepage.html
news/hnews-29.html,540,profilepage.html,/profilepage.html
news/hnews-30.html,73,news-page.html,/news-page.html
news/hnews-30.html,102,stories-page.html,/stories-page.html
news/hnews-30.html,124,aboutnn.html,/aboutnn.html
news/hnews-30.html,134,profilepage.html,/profilepage.html
news/hnews-30.html,183,profilepage.html,/profilepage.html
news/hnews-30.html,206,ravenport/original-story/,/ravenport/original-story/
news/hnews-30.html,270,ravenport/original-story/,/ravenport/original-story/
news/hnews-30.html,275,havenfall/original-story/,/havenfall/original-story/
news/hnews-30.html,284,havenfall/AngelsNotes/,/havenfall/AngelsNotes/
news/hnews-30.html,289,ravenport/bewitchinggirl/,/ravenport/bewitchinggirl/
news/hnews-30.html,298,ravenport/raphaasylum/,/ravenport/raphaasylum/
news/hnews-30.html,303,ravenport/behindthecurse/,/ravenport/behindthecurse/
news/hnews-30.html,376,index.html,/index.html
news/hnews-30.html,382,landing-havenfall-blog.html,/landing-havenfall-blog.html
news/hnews-30.html,399,news-page.html,/news-page.html
news/hnews-30.html,435,videos-page-raven.html,/videos-page-raven.html
news/hnews-30.html,441,videos-page-haven.html,/videos-page-haven.html
news/hnews-30.html,457,stories-page.html,/stories-page.html
news/hnews-30.html,477,aboutnn.html,/aboutnn.html
news/hnews-30.html,493,profilepage.html,/profilepage.html
news/hnews-30.html,540,profilepage.html,/profilepage.html
news/news-16.html,73,news-page.html,/news-page.html
news/news-16.html,102,stories-page.html,/stories-page.html
news/news-16.html,124,aboutnn.html,/aboutnn.html
news/news-16.html,134,profilepage.html,/profilepage.html
news/news-16.html,183,profilepage.html,/profilepage.html
news/news-16.html,206,ravenport/original-story/,/ravenport/original-story/
news/news-16.html,269,ravenport/original-story/,/ravenport/original-story/
news/news-16.html,274,havenfall/original-story/,/havenfall/original-story/
news/news-16.html,283,havenfall/AngelsNotes/,/havenfall/AngelsNotes/
news/news-16.html,288,ravenport/bewitchinggirl/,/ravenport/bewitchinggirl/
news/news-16.html,297,ravenport/raphaasylum/,/ravenport/raphaasylum/
news/news-16.html,302,ravenport/behindthecurse/,/ravenport/behindthecurse/
news/news-16.html,375,index.html,/index.html
news/news-16.html,381,landing-havenfall-blog.html,/landing-havenfall-blog.html
news/news-16.html,398,news-page.html,/news-page.html
news/news-16.html,434,videos-page-raven.html,/videos-page-raven.html
news/news-16.html,440,videos-page-haven.html,/videos-page-haven.html
news/news-16.html,456,stories-page.html,/stories-page.html
news/news-16.html,476,aboutnn.html,/aboutnn.html
news/news-16.html,492,profilepage.html,/profilepage.html
news/news-16.html,539,profilepage.html,/profilepage.html
news/news-17.html,73,news-page.html,/news-page.html
news/news-17.html,102,stories-page.html,/stories-page.html
news/news-17.html,124,aboutnn.html,/aboutnn.html
news/news-17.html,134,profilepage.html,/profilepage.html
news/news-17.html,183,profilepage.html,/profilepage.html
news/news-17.html,206,ravenport/original-story/,/ravenport/original-story/
news/news-17.html,271,ravenport/original-story/,/ravenport/original-story/
news/news-17.html,276,havenfall/original-story/,/havenfall/original-story/
news/news-17.html,285,havenfall/AngelsNotes/,/havenfall/AngelsNotes/
news/news-17.html,290,ravenport/bewitchinggirl/,/ravenport/bewitchinggirl/
news/news-17.html,299,ravenport/raphaasylum/,/ravenport/raphaasylum/
news/news-17.html,304,ravenport/behindthecurse/,/ravenport/behindthecurse/
news/news-17.html,377,index.html,/index.html
news/news-17.html,383,landing-havenfall-blog.html,/landing-havenfall-blog.html
news/news-17.html,400,news-page.html,/news-page.html
news/news-17.html,436,videos-page-raven.html,/videos-page-raven.html
news/news-17.html,442,videos-page-haven.html,/videos-page-haven.html
news/news-17.html,458,stories-page.html,/stories-page.html
news/news-17.html,478,aboutnn.html,/aboutnn.html
news/news-17.html,494,profilepage.html,/profilepage.html
news/news-17.html,541,profilepage.html,/profilepage.html
news/news-18.html,73,news-page.html,/news-page.html
news/news-18.html,102,stories-page.html,/stories-page.html
news/news-18.html,124,aboutnn.html,/aboutnn.html
news/news-18.html,134,profilepage.html,/profilepage.html
news/news-18.html,183,profilepage.html,/profilepage.html
news/news-18.html,206,ravenport/original-story/,/ravenport/original-story/
news/news-18.html,279,ravenport/original-story/,/ravenport/original-story/
news/news-18.html,284,havenfall/original-story/,/havenfall/original-story/
news/news-18.html,293,havenfall/AngelsNotes/,/havenfall/AngelsNotes/
news/news-18.html,298,ravenport/bewitchinggirl/,/ravenport/bewitchinggirl/
news/news-18.html,307,ravenport/raphaasylum/,/ravenport/raphaasylum/
news/news-18.html,312,ravenport/behindthecurse/,/ravenport/behindthecurse/
news/news-18.html,385,index.html,/index.html
news/news-18.html,391,landing-havenfall-blog.html,/landing-havenfall-blog.html
news/news-18.html,408,news-page.html,/news-page.html
news/news-18.html,444,videos-page-raven.html,/videos-page-raven.html
news/news-18.html,450,videos-page-haven.html,/videos-page-haven.html
news/news-18.html,466,stories-page.html,/stories-page.html
news/news-18.html,486,aboutnn.html,/aboutnn.html
news/news-18.html,502,profilepage.html,/profilepage.html
news/news-18.html,549,profilepage.html,/profilepage.html
news/news-19.html,73,news-page.html,/news-page.html
news/news-19.html,102,stories-page.html,/stories-page.html
news/news-19.html,124,aboutnn.html,/aboutnn.html
news/news-19.html,134,profilepage.html,/profilepage.html
news/news-19.html,183,profilepage.html,/profilepage.html
news/news-19.html,206,ravenport/original-story/,/ravenport/original-story/
news/news-19.html,409,ravenport/original-story/,/ravenport/original-story/
news/news-19.html,414,havenfall/original-story/,/havenfall/original-story/
news/news-19.html,423,havenfall/AngelsNotes/,/havenfall/AngelsNotes/
news/news-19.html,428,ravenport/bewitchinggirl/,/ravenport/bewitchinggirl/
news/news-19.html,437,ravenport/raphaasylum/,/ravenport/raphaasylum/
news/news-19.html,442,ravenport/behindthecurse/,/ravenport/behindthecurse/
news/news-19.html,515,index.html,/index.html
news/news-19.html,521,landing-havenfall-blog.html,/landing-havenfall-blog.html
news/news-19.html,538,news-page.html,/news-page.html
news/news-19.html,574,videos-page-raven.html,/videos-page-raven.html
news/news-19.html,580,videos-page-haven.html,/videos-page-haven.html
news/news-19.html,596,stories-page.html,/stories-page.html
news/news-19.html,616,aboutnn.html,/aboutnn.html
news/news-19.html,632,profilepage.html,/profilepage.html
news/news-19.html,679,profilepage.html,/profilepage.html
news/news-20.html,73,news-page.html,/news-page.html
news/news-20.html,102,stories-page.html,/stories-page.html
news/news-20.html,124,aboutnn.html,/aboutnn.html
news/news-20.html,134,profilepage.html,/profilepage.html
news/news-20.html,183,profilepage.html,/profilepage.html
news/news-20.html,206,ravenport/original-story/,/ravenport/original-story/
news/news-20.html,283,ravenport/original-story/,/ravenport/original-story/
news/news-20.html,288,havenfall/original-story/,/havenfall/original-story/
news/news-20.html,297,havenfall/AngelsNotes/,/havenfall/AngelsNotes/
news/news-20.html,302,ravenport/bewitchinggirl/,/ravenport/bewitchinggirl/
news/news-20.html,311,ravenport/raphaasylum/,/ravenport/raphaasylum/
news/news-20.html,316,ravenport/behindthecurse/,/ravenport/behindthecurse/
news/news-20.html,389,index.html,/index.html
news/news-20.html,395,landing-havenfall-blog.html,/landing-havenfall-blog.html
news/news-20.html,412,news-page.html,/news-page.html
news/news-20.html,448,videos-page-raven.html,/videos-page-raven.html
news/news-20.html,454,videos-page-haven.html,/videos-page-haven.html
news/news-20.html,470,stories-page.html,/stories-page.html
news/news-20.html,490,aboutnn.html,/aboutnn.html
news/news-20.html,506,profilepage.html,/profilepage.html
news/news-20.html,553,profilepage.html,/profilepage.html
news/news-21.html,73,news-page.html,/news-page.html
news/news-21.html,102,stories-page.html,/stories-page.html
news/news-21.html,124,aboutnn.html,/aboutnn.html
news/news-21.html,134,profilepage.html,/profilepage.html
news/news-21.html,183,profilepage.html,/profilepage.html
news/news-21.html,206,ravenport/original-story/,/ravenport/original-story/
news/news-21.html,283,ravenport/original-story/,/ravenport/original-story/
news/news-21.html,288,havenfall/original-story/,/havenfall/original-story/
news/news-21.html,297,havenfall/AngelsNotes/,/havenfall/AngelsNotes/
news/news-21.html,302,ravenport/bewitchinggirl/,/ravenport/bewitchinggirl/
news/news-21.html,311,ravenport/raphaasylum/,/ravenport/raphaasylum/
news/news-21.html,316,ravenport/behindthecurse/,/ravenport/behindthecurse/
news/news-21.html,389,index.html,/index.html
news/news-21.html,395,landing-havenfall-blog.html,/landing-havenfall-blog.html
news/news-21.html,412,news-page.html,/news-page.html
news/news-21.html,448,videos-page-raven.html,/videos-page-raven.html
news/news-21.html,454,videos-page-haven.html,/videos-page-haven.html
news/news-21.html,470,stories-page.html,/stories-page.html
news/news-21.html,490,aboutnn.html,/aboutnn.html
news/news-21.html,506,profilepage.html,/profilepage.html
news/news-21.html,553,profilepage.html,/profilepage.html
news/news-22.html,73,news-page.html,/news-page.html
news/news-22.html,102,stories-page.html,/stories-page.html
news/news-22.html,124,aboutnn.html,/aboutnn.html
news/news-22.html,134,profilepage.html,/profilepage.html
news/news-22.html,183,profilepage.html,/profilepage.html
news/news-22.html,206,ravenport/original-story/,/ravenport/original-story/
news/news-22.html,281,ravenport/original-story/,/ravenport/original-story/
news/news-22.html,286,havenfall/original-story/,/havenfall/original-story/
news/news-22.html,295,havenfall/AngelsNotes/,/havenfall/AngelsNotes/
news/news-22.html,300,ravenport/bewitchinggirl/,/ravenport/bewitchinggirl/
news/news-22.html,309,ravenport/raphaasylum/,/ravenport/raphaasylum/
news/news-22.html,314,ravenport/behindthecurse/,/ravenport/behindthecurse/
news/news-22.html,387,index.html,/index.html
news/news-22.html,393,landing-havenfall-blog.html,/landing-havenfall-blog.html
news/news-22.html,410,news-page.html,/news-page.html
news/news-22.html,446,videos-page-raven.html,/videos-page-raven.html
news/news-22.html,452,videos-page-haven.html,/videos-page-haven.html
news/news-22.html,468,stories-page.html,/stories-page.html
news/news-22.html,488,aboutnn.html,/aboutnn.html
news/news-22.html,504,profilepage.html,/profilepage.html
news/news-22.html,551,profilepage.html,/profilepage.html
news/news-23.html,73,news-page.html,/news-page.html
news/news-23.html,102,stories-page.html,/stories-page.html
news/news-23.html,124,aboutnn.html,/aboutnn.html
news/news-23.html,134,profilepage.html,/profilepage.html
news/news-23.html,183,profilepage.html,/profilepage.html
news/news-23.html,206,ravenport/original-story/,/ravenport/original-story/
news/news-23.html,281,ravenport/original-story/,/ravenport/original-story/
news/news-23.html,286,havenfall/original-story/,/havenfall/original-story/
news/news-23.html,295,havenfall/AngelsNotes/,/havenfall/AngelsNotes/
news/news-23.html,300,ravenport/bewitchinggirl/,/ravenport/bewitchinggirl/
news/news-23.html,309,ravenport/raphaasylum/,/ravenport/raphaasylum/
news/news-23.html,314,ravenport/behindthecurse/,/ravenport/behindthecurse/
news/news-23.html,387,index.html,/index.html
news/news-23.html,393,landing-havenfall-blog.html,/landing-havenfall-blog.html
news/news-23.html,410,news-page.html,/news-page.html
news/news-23.html,446,videos-page-raven.html,/videos-page-raven.html
news/news-23.html,452,videos-page-haven.html,/videos-page-haven.html
news/news-23.html,468,stories-page.html,/stories-page.html
news/news-23.html,488,aboutnn.html,/aboutnn.html
news/news-23.html,504,profilepage.html,/profilepage.html
news/news-23.html,551,profilepage.html,/profilepage.html
news/news-24.html,73,news-page.html,/news-page.html
news/news-24.html,102,stories-page.html,/stories-page.html
news/news-24.html,124,aboutnn.html,/aboutnn.html
news/news-24.html,134,profilepage.html,/profilepage.html
news/news-24.html,183,profilepage.html,/profilepage.html
news/news-24.html,206,ravenport/original-story/,/ravenport/original-story/
news/news-24.html,275,ravenport/original-story/,/ravenport/original-story/
news/news-24.html,280,havenfall/original-story/,/havenfall/original-story/
news/news-24.html,289,havenfall/AngelsNotes/,/havenfall/AngelsNotes/
news/news-24.html,294,ravenport/bewitchinggirl/,/ravenport/bewitchinggirl/
news/news-24.html,303,ravenport/raphaasylum/,/ravenport/raphaasylum/
news/news-24.html,308,ravenport/behindthecurse/,/ravenport/behindthecurse/
news/news-24.html,381,index.html,/index.html
news/news-24.html,387,landing-havenfall-blog.html,/landing-havenfall-blog.html
news/news-24.html,404,news-page.html,/news-page.html
news/news-24.html,440,videos-page-raven.html,/videos-page-raven.html
news/news-24.html,446,videos-page-haven.html,/videos-page-haven.html
news/news-24.html,462,stories-page.html,/stories-page.html
news/news-24.html,482,aboutnn.html,/aboutnn.html
news/news-24.html,498,profilepage.html,/profilepage.html
news/news-24.html,545,profilepage.html,/profilepage.html
news/news-25.html,73,news-page.html,/news-page.html
news/news-25.html,102,stories-page.html,/stories-page.html
news/news-25.html,124,aboutnn.html,/aboutnn.html
news/news-25.html,134,profilepage.html,/profilepage.html
news/news-25.html,183,profilepage.html,/profilepage.html
news/news-25.html,206,ravenport/original-story/,/ravenport/original-story/
news/news-25.html,295,ravenport/original-story/,/ravenport/original-story/
news/news-25.html,300,havenfall/original-story/,/havenfall/original-story/
news/news-25.html,309,havenfall/AngelsNotes/,/havenfall/AngelsNotes/
news/news-25.html,314,ravenport/bewitchinggirl/,/ravenport/bewitchinggirl/
news/news-25.html,323,ravenport/raphaasylum/,/ravenport/raphaasylum/
news/news-25.html,328,ravenport/behindthecurse/,/ravenport/behindthecurse/
news/news-25.html,401,index.html,/index.html
news/news-25.html,407,landing-havenfall-blog.html,/landing-havenfall-blog.html
news/news-25.html,424,news-page.html,/news-page.html
news/news-25.html,460,videos-page-raven.html,/videos-page-raven.html
news/news-25.html,466,videos-page-haven.html,/videos-page-haven.html
news/news-25.html,482,stories-page.html,/stories-page.html
news/news-25.html,502,aboutnn.html,/aboutnn.html
news/news-25.html,518,profilepage.html,/profilepage.html
news/news-25.html,565,profilepage.html,/profilepage.html
news/news-26.html,73,news-page.html,/news-page.html
news/news-26.html,102,stories-page.html,/stories-page.html
news/news-26.html,124,aboutnn.html,/aboutnn.html
news/news-26.html,134,profilepage.html,/profilepage.html
news/news-26.html,171,news-page.html,/news-page.html
news/news-26.html,183,profilepage.html,/profilepage.html
news/news-26.html,206,ravenport/original-story/,/ravenport/original-story/
news/news-26.html,305,ravenport/original-story/,/ravenport/original-story/
news/news-26.html,310,havenfall/original-story/,/havenfall/original-story/
news/news-26.html,319,havenfall/AngelsNotes/,/havenfall/AngelsNotes/
news/news-26.html,324,ravenport/bewitchinggirl/,/ravenport/bewitchinggirl/
news/news-26.html,333,ravenport/raphaasylum/,/ravenport/raphaasylum/
news/news-26.html,338,ravenport/behindthecurse/,/ravenport/behindthecurse/
news/news-26.html,411,index.html,/index.html
news/news-26.html,417,landing-havenfall-blog.html,/landing-havenfall-blog.html
news/news-26.html,434,news-page.html,/news-page.html
news/news-26.html,470,videos-page-raven.html,/videos-page-raven.html
news/news-26.html,476,videos-page-haven.html,/videos-page-haven.html
news/news-26.html,492,stories-page.html,/stories-page.html
news/news-26.html,512,aboutnn.html,/aboutnn.html
news/news-26.html,528,profilepage.html,/profilepage.html
news/news-26.html,575,profilepage.html,/profilepage.html
news/news-26.html,663,news-page.html,/news-page.html
news/news-27.html,73,news-page.html,/news-page.html
news/news-27.html,102,stories-page.html,/stories-page.html
news/news-27.html,124,aboutnn.html,/aboutnn.html
news/news-27.html,134,profilepage.html,/profilepage.html
news/news-27.html,171,news-page.html,/news-page.html
news/news-27.html,183,profilepage.html,/profilepage.html
news/news-27.html,206,ravenport/original-story/,/ravenport/original-story/
news/news-27.html,289,ravenport/original-story/,/ravenport/original-story/
news/news-27.html,294,havenfall/original-story/,/havenfall/original-story/
news/news-27.html,303,havenfall/AngelsNotes/,/havenfall/AngelsNotes/
news/news-27.html,308,ravenport/bewitchinggirl/,/ravenport/bewitchinggirl/
news/news-27.html,317,ravenport/raphaasylum/,/ravenport/raphaasylum/
news/news-27.html,322,ravenport/behindthecurse/,/ravenport/behindthecurse/
news/news-27.html,395,index.html,/index.html
news/news-27.html,401,landing-havenfall-blog.html,/landing-havenfall-blog.html
news/news-27.html,418,news-page.html,/news-page.html
news/news-27.html,454,videos-page-raven.html,/videos-page-raven.html
news/news-27.html,460,videos-page-haven.html,/videos-page-haven.html
news/news-27.html,476,stories-page.html,/stories-page.html
news/news-27.html,496,aboutnn.html,/aboutnn.html
news/news-27.html,512,profilepage.html,/profilepage.html
news/news-27.html,559,profilepage.html,/profilepage.html
news/news-27.html,647,news-page.html,/news-page.html
news/news-28.html,73,news-page.html,/news-page.html
news/news-28.html,102,stories-page.html,/stories-page.html
news/news-28.html,124,aboutnn.html,/aboutnn.html
news/news-28.html,134,profilepage.html,/profilepage.html
news/news-28.html,171,news-page.html,/news-page.html
news/news-28.html,183,profilepage.html,/profilepage.html
news/news-28.html,206,ravenport/original-story/,/ravenport/original-story/
news/news-28.html,305,ravenport/original-story/,/ravenport/original-story/
news/news-28.html,310,havenfall/original-story/,/havenfall/original-story/
news/news-28.html,319,havenfall/AngelsNotes/,/havenfall/AngelsNotes/
news/news-28.html,324,ravenport/bewitchinggirl/,/ravenport/bewitchinggirl/
news/news-28.html,333,ravenport/raphaasylum/,/ravenport/raphaasylum/
news/news-28.html,338,ravenport/behindthecurse/,/ravenport/behindthecurse/
news/news-28.html,411,index.html,/index.html
news/news-28.html,417,landing-havenfall-blog.html,/landing-havenfall-blog.html
news/news-28.html,434,news-page.html,/news-page.html
news/news-28.html,470,videos-page-raven.html,/videos-page-raven.html
news/news-28.html,476,videos-page-haven.html,/videos-page-haven.html
news/news-28.html,492,stories-page.html,/stories-page.html
news/news-28.html,512,aboutnn.html,/aboutnn.html
news/news-28.html,528,profilepage.html,/profilepage.html
news/news-28.html,575,profilepage.html,/profilepage.html
news/news-28.html,663,news-page.html,/news-page.html
news/news-29.html,73,news-page.html,/news-page.html
news/news-29.html,102,stories-page.html,/stories-page.html
news/news-29.html,124,aboutnn.html,/aboutnn.html
news/news-29.html,134,profilepage.html,/profilepage.html
news/news-29.html,171,news-page.html,/news-page.html
news/news-29.html,183,profilepage.html,/profilepage.html
news/news-29.html,206,ravenport/original-story/,/ravenport/original-story/
news/news-29.html,291,ravenport/original-story/,/ravenport/original-story/
news/news-29.html,296,havenfall/original-story/,/havenfall/original-story/
news/news-29.html,305,havenfall/AngelsNotes/,/havenfall/AngelsNotes/
news/news-29.html,310,ravenport/bewitchinggirl/,/ravenport/bewitchinggirl/
news/news-29.html,319,ravenport/raphaasylum/,/ravenport/raphaasylum/
news/news-29.html,324,ravenport/behindthecurse/,/ravenport/behindthecurse/
news/news-29.html,397,index.html,/index.html
news/news-29.html,403,landing-havenfall-blog.html,/landing-havenfall-blog.html
news/news-29.html,420,news-page.html,/news-page.html
news/news-29.html,456,videos-page-raven.html,/videos-page-raven.html
news/news-29.html,462,videos-page-haven.html,/videos-page-haven.html
news/news-29.html,478,stories-page.html,/stories-page.html
news/news-29.html,498,aboutnn.html,/aboutnn.html
news/news-29.html,514,profilepage.html,/profilepage.html
news/news-29.html,561,profilepage.html,/profilepage.html
news/news-29.html,649,news-page.html,/news-page.html
news/news-30.html,73,news-page.html,/news-page.html
news/news-30.html,102,stories-page.html,/stories-page.html
news/news-30.html,124,aboutnn.html,/aboutnn.html
news/news-30.html,134,profilepage.html,/profilepage.html
news/news-30.html,171,news-page.html,/news-page.html
news/news-30.html,183,profilepage.html,/profilepage.html
news/news-30.html,206,ravenport/original-story/,/ravenport/original-story/
news/news-30.html,287,ravenport/original-story/,/ravenport/original-story/
news/news-30.html,292,havenfall/original-story/,/havenfall/original-story/
news/news-30.html,301,havenfall/AngelsNotes/,/havenfall/AngelsNotes/
news/news-30.html,306,ravenport/bewitchinggirl/,/ravenport/bewitchinggirl/
news/news-30.html,315,ravenport/raphaasylum/,/ravenport/raphaasylum/
news/news-30.html,320,ravenport/behindthecurse/,/ravenport/behindthecurse/
news/news-30.html,393,index.html,/index.html
news/news-30.html,399,landing-havenfall-blog.html,/landing-havenfall-blog.html
news/news-30.html,416,news-page.html,/news-page.html
news/news-30.html,452,videos-page-raven.html,/videos-page-raven.html
news/news-30.html,458,videos-page-haven.html,/videos-page-haven.html
news/news-30.html,474,stories-page.html,/stories-page.html
news/news-30.html,494,aboutnn.html,/aboutnn.html
news/news-30.html,510,profilepage.html,/profilepage.html
news/news-30.html,557,profilepage.html,/profilepage.html
news/news-30.html,645,news-page.html,/news-page.html
news/news-page-2.html,220,news-page.html,/news-page.html
news/news-page-2.html,359,news-page.html,/news-page.html
news/news-page-2.html,1166,ravenport/original-story/,/ravenport/original-story/
news/news-page-2.html,1171,havenfall/original-story/,/havenfall/original-story/
news/news-page-2.html,1180,havenfall/AngelsNotes/,/havenfall/AngelsNotes/
news/news-page-2.html,1185,ravenport/bewitchinggirl/,/ravenport/bewitchinggirl/
news/news-page-2.html,1194,ravenport/raphaasylum/,/ravenport/raphaasylum/
news/news-page-2.html,1199,ravenport/behindthecurse/,/ravenport/behindthecurse/
ravenport-blogs/page-2/article-10.html,71,news-page.html,/news-page.html
ravenport-blogs/page-2/article-10.html,100,stories-page.html,/stories-page.html
ravenport-blogs/page-2/article-10.html,122,aboutnn.html,/aboutnn.html
ravenport-blogs/page-2/article-10.html,132,profilepage.html,/profilepage.html
ravenport-blogs/page-2/article-10.html,181,profilepage.html,/profilepage.html
ravenport-blogs/page-2/article-10.html,205,ravenport/original-story/,/ravenport/original-story/
ravenport-blogs/page-2/article-10.html,302,ravenport/original-story/,/ravenport/original-story/
ravenport-blogs/page-2/article-10.html,307,havenfall/original-story/,/havenfall/original-story/
ravenport-blogs/page-2/article-10.html,316,havenfall/AngelsNotes/,/havenfall/AngelsNotes/
ravenport-blogs/page-2/article-10.html,321,ravenport/bewitchinggirl/,/ravenport/bewitchinggirl/
ravenport-blogs/page-2/article-10.html,330,ravenport/raphaasylum/,/ravenport/raphaasylum/
ravenport-blogs/page-2/article-10.html,335,ravenport/behindthecurse/,/ravenport/behindthecurse/
ravenport-blogs/page-2/article-10.html,408,index.html,/index.html
ravenport-blogs/page-2/article-10.html,414,landing-havenfall-blog.html,/landing-havenfall-blog.html
ravenport-blogs/page-2/article-10.html,431,news-page.html,/news-page.html
ravenport-blogs/page-2/article-10.html,467,videos-page-raven.html,/videos-page-raven.html
ravenport-blogs/page-2/article-10.html,473,videos-page-haven.html,/videos-page-haven.html
ravenport-blogs/page-2/article-10.html,489,stories-page.html,/stories-page.html
ravenport-blogs/page-2/article-10.html,509,aboutnn.html,/aboutnn.html
ravenport-blogs/page-2/article-10.html,525,profilepage.html,/profilepage.html
ravenport-blogs/page-2/article-10.html,572,profilepage.html,/profilepage.html
ravenport-blogs/page-2/article-10.html,633,backnforth-cover.webp,/backnforth-cover.webp
ravenport-blogs/page-2/article-10.html,639,motelbloodbath-cover.webp,/motelbloodbath-cover.webp
ravenport-blogs/page-2/article-11.html,71,news-page.html,/news-page.html
ravenport-blogs/page-2/article-11.html,100,stories-page.html,/stories-page.html
ravenport-blogs/page-2/article-11.html,122,aboutnn.html,/aboutnn.html
ravenport-blogs/page-2/article-11.html,132,profilepage.html,/profilepage.html
ravenport-blogs/page-2/article-11.html,181,profilepage.html,/profilepage.html
ravenport-blogs/page-2/article-11.html,205,ravenport/original-story/,/ravenport/original-story/
ravenport-blogs/page-2/article-11.html,310,ravenport/original-story/,/ravenport/original-story/
ravenport-blogs/page-2/article-11.html,315,havenfall/original-story/,/havenfall/original-story/
ravenport-blogs/page-2/article-11.html,324,havenfall/AngelsNotes/,/havenfall/AngelsNotes/
ravenport-blogs/page-2/article-11.html,329,ravenport/bewitchinggirl/,/ravenport/bewitchinggirl/
ravenport-blogs/page-2/article-11.html,338,ravenport/raphaasylum/,/ravenport/raphaasylum/
ravenport-blogs/page-2/article-11.html,343,ravenport/behindthecurse/,/ravenport/behindthecurse/
ravenport-blogs/page-2/article-11.html,416,index.html,/index.html
ravenport-blogs/page-2/article-11.html,422,landing-havenfall-blog.html,/landing-havenfall-blog.html
ravenport-blogs/page-2/article-11.html,439,news-page.html,/news-page.html
ravenport-blogs/page-2/article-11.html,475,videos-page-raven.html,/videos-page-raven.html
ravenport-blogs/page-2/article-11.html,481,videos-page-haven.html,/videos-page-haven.html
ravenport-blogs/page-2/article-11.html,497,stories-page.html,/stories-page.html
ravenport-blogs/page-2/article-11.html,517,aboutnn.html,/aboutnn.html
ravenport-blogs/page-2/article-11.html,533,profilepage.html,/profilepage.html
ravenport-blogs/page-2/article-11.html,580,profilepage.html,/profilepage.html
ravenport-blogs/page-2/article-11.html,641,backnforth-cover.webp,/backnforth-cover.webp
ravenport-blogs/page-2/article-11.html,647,motelbloodbath-cover.webp,/motelbloodbath-cover.webp
ravenport-blogs/page-2/article-12.html,71,news-page.html,/news-page.html
ravenport-blogs/page-2/article-12.html,100,stories-page.html,/stories-page.html
ravenport-blogs/page-2/article-12.html,122,aboutnn.html,/aboutnn.html
ravenport-blogs/page-2/article-12.html,132,profilepage.html,/profilepage.html
ravenport-blogs/page-2/article-12.html,181,profilepage.html,/profilepage.html
ravenport-blogs/page-2/article-12.html,204,ravenport/original-story/,/ravenport/original-story/
ravenport-blogs/page-2/article-12.html,304,ravenport/original-story/,/ravenport/original-story/
ravenport-blogs/page-2/article-12.html,309,havenfall/original-story/,/havenfall/original-story/
ravenport-blogs/page-2/article-12.html,318,havenfall/AngelsNotes/,/havenfall/AngelsNotes/
ravenport-blogs/page-2/article-12.html,323,ravenport/bewitchinggirl/,/ravenport/bewitchinggirl/
ravenport-blogs/page-2/article-12.html,332,ravenport/raphaasylum/,/ravenport/raphaasylum/
ravenport-blogs/page-2/article-12.html,337,ravenport/behindthecurse/,/ravenport/behindthecurse/
ravenport-blogs/page-2/article-12.html,410,index.html,/index.html
ravenport-blogs/page-2/article-12.html,416,landing-havenfall-blog.html,/landing-havenfall-blog.html
ravenport-blogs/page-2/article-12.html,433,news-page.html,/news-page.html
ravenport-blogs/page-2/article-12.html,469,videos-page-raven.html,/videos-page-raven.html
ravenport-blogs/page-2/article-12.html,475,videos-page-haven.html,/videos-page-haven.html
ravenport-blogs/page-2/article-12.html,491,stories-page.html,/stories-page.html
ravenport-blogs/page-2/article-12.html,511,aboutnn.html,/aboutnn.html
ravenport-blogs/page-2/article-12.html,527,profilepage.html,/profilepage.html
ravenport-blogs/page-2/article-12.html,574,profilepage.html,/profilepage.html
ravenport-blogs/page-2/article-12.html,635,backnforth-cover.webp,/backnforth-cover.webp
ravenport-blogs/page-2/article-12.html,641,motelbloodbath-cover.webp,/motelbloodbath-cover.webp
ravenport-blogs/page-2/article-13.html,71,news-page.html,/news-page.html
ravenport-blogs/page-2/article-13.html,100,stories-page.html,/stories-page.html
ravenport-blogs/page-2/article-13.html,122,aboutnn.html,/aboutnn.html
ravenport-blogs/page-2/article-13.html,132,profilepage.html,/profilepage.html
ravenport-blogs/page-2/article-13.html,181,profilepage.html,/profilepage.html
ravenport-blogs/page-2/article-13.html,204,ravenport/original-story/,/ravenport/original-story/
ravenport-blogs/page-2/article-13.html,316,ravenport/original-story/,/ravenport/original-story/
ravenport-blogs/page-2/article-13.html,321,havenfall/original-story/,/havenfall/original-story/
ravenport-blogs/page-2/article-13.html,330,havenfall/AngelsNotes/,/havenfall/AngelsNotes/
ravenport-blogs/page-2/article-13.html,335,ravenport/bewitchinggirl/,/ravenport/bewitchinggirl/
ravenport-blogs/page-2/article-13.html,344,ravenport/raphaasylum/,/ravenport/raphaasylum/
ravenport-blogs/page-2/article-13.html,349,ravenport/behindthecurse/,/ravenport/behindthecurse/
ravenport-blogs/page-2/article-13.html,422,index.html,/index.html
ravenport-blogs/page-2/article-13.html,428,landing-havenfall-blog.html,/landing-havenfall-blog.html
ravenport-blogs/page-2/article-13.html,445,news-page.html,/news-page.html
ravenport-blogs/page-2/article-13.html,481,videos-page-raven.html,/videos-page-raven.html
ravenport-blogs/page-2/article-13.html,487,videos-page-haven.html,/videos-page-haven.html
ravenport-blogs/page-2/article-13.html,503,stories-page.html,/stories-page.html
ravenport-blogs/page-2/article-13.html,523,aboutnn.html,/aboutnn.html
ravenport-blogs/page-2/article-13.html,539,profilepage.html,/profilepage.html
ravenport-blogs/page-2/article-13.html,586,profilepage.html,/profilepage.html
ravenport-blogs/page-2/article-13.html,647,backnforth-cover.webp,/backnforth-cover.webp
ravenport-blogs/page-2/article-13.html,653,motelbloodbath-cover.webp,/motelbloodbath-cover.webp
ravenport-blogs/page-2/article-14.html,71,news-page.html,/news-page.html
ravenport-blogs/page-2/article-14.html,100,stories-page.html,/stories-page.html
ravenport-blogs/page-2/article-14.html,122,aboutnn.html,/aboutnn.html
ravenport-blogs/page-2/article-14.html,132,profilepage.html,/profilepage.html
ravenport-blogs/page-2/article-14.html,181,profilepage.html,/profilepage.html
ravenport-blogs/page-2/article-14.html,204,ravenport/original-story/,/ravenport/original-story/
ravenport-blogs/page-2/article-14.html,265,ravenport/original-story/,/ravenport/original-story/
ravenport-blogs/page-2/article-14.html,270,havenfall/original-story/,/havenfall/original-story/
ravenport-blogs/page-2/article-14.html,279,havenfall/AngelsNotes/,/havenfall/AngelsNotes/
ravenport-blogs/page-2/article-14.html,284,ravenport/bewitchinggirl/,/ravenport/bewitchinggirl/
ravenport-blogs/page-2/article-14.html,293,ravenport/raphaasylum/,/ravenport/raphaasylum/
ravenport-blogs/page-2/article-14.html,298,ravenport/behindthecurse/,/ravenport/behindthecurse/
ravenport-blogs/page-2/article-14.html,371,index.html,/index.html
ravenport-blogs/page-2/article-14.html,377,landing-havenfall-blog.html,/landing-havenfall-blog.html
ravenport-blogs/page-2/article-14.html,394,news-page.html,/news-page.html
ravenport-blogs/page-2/article-14.html,430,videos-page-raven.html,/videos-page-raven.html
ravenport-blogs/page-2/article-14.html,436,videos-page-haven.html,/videos-page-haven.html
ravenport-blogs/page-2/article-14.html,452,stories-page.html,/stories-page.html
ravenport-blogs/page-2/article-14.html,472,aboutnn.html,/aboutnn.html
ravenport-blogs/page-2/article-14.html,488,profilepage.html,/profilepage.html
ravenport-blogs/page-2/article-14.html,535,profilepage.html,/profilepage.html
ravenport-blogs/page-2/article-14.html,596,backnforth-cover.webp,/backnforth-cover.webp
ravenport-blogs/page-2/article-14.html,602,motelbloodbath-cover.webp,/motelbloodbath-cover.webp
ravenport-blogs/page-2/article-8.html,71,news-page.html,/news-page.html
ravenport-blogs/page-2/article-8.html,100,stories-page.html,/stories-page.html
ravenport-blogs/page-2/article-8.html,122,aboutnn.html,/aboutnn.html
ravenport-blogs/page-2/article-8.html,132,profilepage.html,/profilepage.html
ravenport-blogs/page-2/article-8.html,181,profilepage.html,/profilepage.html
ravenport-blogs/page-2/article-8.html,204,ravenport/original-story/,/ravenport/original-story/
ravenport-blogs/page-2/article-8.html,322,ravenport/original-story/,/ravenport/original-story/
ravenport-blogs/page-2/article-8.html,327,havenfall/original-story/,/havenfall/original-story/
ravenport-blogs/page-2/article-8.html,336,havenfall/AngelsNotes/,/havenfall/AngelsNotes/
ravenport-blogs/page-2/article-8.html,341,ravenport/bewitchinggirl/,/ravenport/bewitchinggirl/
ravenport-blogs/page-2/article-8.html,350,ravenport/raphaasylum/,/ravenport/raphaasylum/
ravenport-blogs/page-2/article-8.html,355,ravenport/behindthecurse/,/ravenport/behindthecurse/
ravenport-blogs/page-2/article-8.html,428,index.html,/index.html
ravenport-blogs/page-2/article-8.html,434,landing-havenfall-blog.html,/landing-havenfall-blog.html
ravenport-blogs/page-2/article-8.html,451,news-page.html,/news-page.html
ravenport-blogs/page-2/article-8.html,487,videos-page-raven.html,/videos-page-raven.html
ravenport-blogs/page-2/article-8.html,493,videos-page-haven.html,/videos-page-haven.html
ravenport-blogs/page-2/article-8.html,509,stories-page.html,/stories-page.html
ravenport-blogs/page-2/article-8.html,529,aboutnn.html,/aboutnn.html
ravenport-blogs/page-2/article-8.html,545,profilepage.html,/profilepage.html
ravenport-blogs/page-2/article-8.html,592,profilepage.html,/profilepage.html
ravenport-blogs/page-2/article-8.html,653,backnforth-cover.webp,/backnforth-cover.webp
ravenport-blogs/page-2/article-8.html,659,motelbloodbath-cover.webp,/motelbloodbath-cover.webp
ravenport-blogs/page-2/article-9.html,71,news-page.html,/news-page.html
ravenport-blogs/page-2/article-9.html,100,stories-page.html,/stories-page.html
ravenport-blogs/page-2/article-9.html,122,aboutnn.html,/aboutnn.html
ravenport-blogs/page-2/article-9.html,132,profilepage.html,/profilepage.html
ravenport-blogs/page-2/article-9.html,181,profilepage.html,/profilepage.html
ravenport-blogs/page-2/article-9.html,204,ravenport/original-story/,/ravenport/original-story/
ravenport-blogs/page-2/article-9.html,319,ravenport/original-story/,/ravenport/original-story/
ravenport-blogs/page-2/article-9.html,324,havenfall/original-story/,/havenfall/original-story/
ravenport-blogs/page-2/article-9.html,333,havenfall/AngelsNotes/,/havenfall/AngelsNotes/
ravenport-blogs/page-2/article-9.html,338,ravenport/bewitchinggirl/,/ravenport/bewitchinggirl/
ravenport-blogs/page-2/article-9.html,347,ravenport/raphaasylum/,/ravenport/raphaasylum/
ravenport-blogs/page-2/article-9.html,352,ravenport/behindthecurse/,/ravenport/behindthecurse/
ravenport-blogs/page-2/article-9.html,425,index.html,/index.html
ravenport-blogs/page-2/article-9.html,431,landing-havenfall-blog.html,/landing-havenfall-blog.html
ravenport-blogs/page-2/article-9.html,448,news-page.html,/news-page.html
ravenport-blogs/page-2/article-9.html,484,videos-page-raven.html,/videos-page-raven.html
ravenport-blogs/page-2/article-9.html,490,videos-page-haven.html,/videos-page-haven.html
ravenport-blogs/page-2/article-9.html,506,stories-page.html,/stories-page.html
ravenport-blogs/page-2/article-9.html,526,aboutnn.html,/aboutnn.html
ravenport-blogs/page-2/article-9.html,542,profilepage.html,/profilepage.html
ravenport-blogs/page-2/article-9.html,589,profilepage.html,/profilepage.html
ravenport-blogs/page-2/article-9.html,650,backnforth-cover.webp,/backnforth-cover.webp
ravenport-blogs/page-2/article-9.html,656,motelbloodbath-cover.webp,/motelbloodbath-cover.webp
ravenport-blogs/page-2/page2.html,7,havenfall/original-story/index.html,/havenfall/original-story/index.html
ravenport-blogs/page-2/page2.html,8,havenfall/angelsnotes/index.html,/havenfall/angelsnotes/index.html
ravenport-blogs/page-2/page2.html,9,ravenport/original-story/index.html,/ravenport/original-story/index.html
ravenport-blogs/page-2/page2.html,11,ravenport/bewitchinggirl/index.html,/ravenport/bewitchinggirl/index.html
ravenport-blogs/page-2/page2.html,1815,backnforth-cover.webp,/backnforth-cover.webp
ravenport-blogs/page-2/page2.html,1821,motelbloodbath-cover.webp,/motelbloodbath-cover.webp
ravenport-blogs/page-3/article-15.html,71,news-page.html,/news-page.html
ravenport-blogs/page-3/article-15.html,100,stories-page.html,/stories-page.html
ravenport-blogs/page-3/article-15.html,122,aboutnn.html,/aboutnn.html
ravenport-blogs/page-3/article-15.html,132,profilepage.html,/profilepage.html
ravenport-blogs/page-3/article-15.html,181,profilepage.html,/profilepage.html
ravenport-blogs/page-3/article-15.html,204,ravenport/original-story/,/ravenport/original-story/
ravenport-blogs/page-3/article-15.html,294,ravenport/original-story/,/ravenport/original-story/
ravenport-blogs/page-3/article-15.html,299,havenfall/original-story/,/havenfall/original-story/
ravenport-blogs/page-3/article-15.html,308,havenfall/AngelsNotes/,/havenfall/AngelsNotes/
ravenport-blogs/page-3/article-15.html,313,ravenport/bewitchinggirl/,/ravenport/bewitchinggirl/
ravenport-blogs/page-3/article-15.html,322,ravenport/raphaasylum/,/ravenport/raphaasylum/
ravenport-blogs/page-3/article-15.html,327,ravenport/behindthecurse/,/ravenport/behindthecurse/
ravenport-blogs/page-3/article-15.html,400,index.html,/index.html
ravenport-blogs/page-3/article-15.html,406,landing-havenfall-blog.html,/landing-havenfall-blog.html
ravenport-blogs/page-3/article-15.html,423,news-page.html,/news-page.html
ravenport-blogs/page-3/article-15.html,459,videos-page-raven.html,/videos-page-raven.html
ravenport-blogs/page-3/article-15.html,465,videos-page-haven.html,/videos-page-haven.html
ravenport-blogs/page-3/article-15.html,481,stories-page.html,/stories-page.html
ravenport-blogs/page-3/article-15.html,501,aboutnn.html,/aboutnn.html
ravenport-blogs/page-3/article-15.html,517,profilepage.html,/profilepage.html
ravenport-blogs/page-3/article-15.html,564,profilepage.html,/profilepage.html
ravenport-blogs/page-3/article-15.html,625,backnforth-cover.webp,/backnforth-cover.webp
ravenport-blogs/page-3/article-15.html,631,motelbloodbath-cover.webp,/motelbloodbath-cover.webp
ravenport-blogs/page-3/article-16.html,71,news-page.html,/news-page.html
ravenport-blogs/page-3/article-16.html,100,stories-page.html,/stories-page.html
ravenport-blogs/page-3/article-16.html,122,aboutnn.html,/aboutnn.html
ravenport-blogs/page-3/article-16.html,132,profilepage.html,/profilepage.html
ravenport-blogs/page-3/article-16.html,181,profilepage.html,/profilepage.html
ravenport-blogs/page-3/article-16.html,204,ravenport/original-story/,/ravenport/original-story/
ravenport-blogs/page-3/article-16.html,290,ravenport/original-story/,/ravenport/original-story/
ravenport-blogs/page-3/article-16.html,295,havenfall/original-story/,/havenfall/original-story/
ravenport-blogs/page-3/article-16.html,304,havenfall/AngelsNotes/,/havenfall/AngelsNotes/
ravenport-blogs/page-3/article-16.html,309,ravenport/bewitchinggirl/,/ravenport/bewitchinggirl/
ravenport-blogs/page-3/article-16.html,318,ravenport/raphaasylum/,/ravenport/raphaasylum/
ravenport-blogs/page-3/article-16.html,323,ravenport/behindthecurse/,/ravenport/behindthecurse/
ravenport-blogs/page-3/article-16.html,396,index.html,/index.html
ravenport-blogs/page-3/article-16.html,402,landing-havenfall-blog.html,/landing-havenfall-blog.html
ravenport-blogs/page-3/article-16.html,419,news-page.html,/news-page.html
ravenport-blogs/page-3/article-16.html,455,videos-page-raven.html,/videos-page-raven.html
ravenport-blogs/page-3/article-16.html,461,videos-page-haven.html,/videos-page-haven.html
ravenport-blogs/page-3/article-16.html,477,stories-page.html,/stories-page.html
ravenport-blogs/page-3/article-16.html,497,aboutnn.html,/aboutnn.html
ravenport-blogs/page-3/article-16.html,513,profilepage.html,/profilepage.html
ravenport-blogs/page-3/article-16.html,560,profilepage.html,/profilepage.html
ravenport-blogs/page-3/article-16.html,621,backnforth-cover.webp,/backnforth-cover.webp
ravenport-blogs/page-3/article-16.html,627,motelbloodbath-cover.webp,/motelbloodbath-cover.webp
ravenport-blogs/page-3/article-17.html,71,news-page.html,/news-page.html
ravenport-blogs/page-3/article-17.html,100,stories-page.html,/stories-page.html
ravenport-blogs/page-3/article-17.html,122,aboutnn.html,/aboutnn.html
ravenport-blogs/page-3/article-17.html,132,profilepage.html,/profilepage.html
ravenport-blogs/page-3/article-17.html,181,profilepage.html,/profilepage.html
ravenport-blogs/page-3/article-17.html,204,ravenport/original-story/,/ravenport/original-story/
ravenport-blogs/page-3/article-17.html,525,ravenport/original-story/,/ravenport/original-story/
ravenport-blogs/page-3/article-17.html,530,havenfall/original-story/,/havenfall/original-story/
ravenport-blogs/page-3/article-17.html,539,havenfall/AngelsNotes/,/havenfall/AngelsNotes/
ravenport-blogs/page-3/article-17.html,544,ravenport/bewitchinggirl/,/ravenport/bewitchinggirl/
ravenport-blogs/page-3/article-17.html,553,ravenport/raphaasylum/,/ravenport/raphaasylum/
ravenport-blogs/page-3/article-17.html,558,ravenport/behindthecurse/,/ravenport/behindthecurse/
ravenport-blogs/page-3/article-17.html,631,index.html,/index.html
ravenport-blogs/page-3/article-17.html,637,landing-havenfall-blog.html,/landing-havenfall-blog.html
ravenport-blogs/page-3/article-17.html,654,news-page.html,/news-page.html
ravenport-blogs/page-3/article-17.html,690,videos-page-raven.html,/videos-page-raven.html
ravenport-blogs/page-3/article-17.html,696,videos-page-haven.html,/videos-page-haven.html
ravenport-blogs/page-3/article-17.html,712,stories-page.html,/stories-page.html
ravenport-blogs/page-3/article-17.html,732,aboutnn.html,/aboutnn.html
ravenport-blogs/page-3/article-17.html,748,profilepage.html,/profilepage.html
ravenport-blogs/page-3/article-17.html,795,profilepage.html,/profilepage.html
ravenport-blogs/page-3/article-17.html,856,backnforth-cover.webp,/backnforth-cover.webp
ravenport-blogs/page-3/article-17.html,862,motelbloodbath-cover.webp,/motelbloodbath-cover.webp
ravenport-blogs/page-3/article-18.html,71,news-page.html,/news-page.html
ravenport-blogs/page-3/article-18.html,100,stories-page.html,/stories-page.html
ravenport-blogs/page-3/article-18.html,122,aboutnn.html,/aboutnn.html
ravenport-blogs/page-3/article-18.html,132,profilepage.html,/profilepage.html
ravenport-blogs/page-3/article-18.html,181,profilepage.html,/profilepage.html
ravenport-blogs/page-3/article-18.html,204,ravenport/original-story/,/ravenport/original-story/
ravenport-blogs/page-3/article-18.html,389,ravenport/original-story/,/ravenport/original-story/
ravenport-blogs/page-3/article-18.html,394,havenfall/original-story/,/havenfall/original-story/
ravenport-blogs/page-3/article-18.html,403,havenfall/AngelsNotes/,/havenfall/AngelsNotes/
ravenport-blogs/page-3/article-18.html,408,ravenport/bewitchinggirl/,/ravenport/bewitchinggirl/
ravenport-blogs/page-3/article-18.html,417,ravenport/raphaasylum/,/ravenport/raphaasylum/
ravenport-blogs/page-3/article-18.html,422,ravenport/behindthecurse/,/ravenport/behindthecurse/
ravenport-blogs/page-3/article-18.html,495,index.html,/index.html
ravenport-blogs/page-3/article-18.html,501,landing-havenfall-blog.html,/landing-havenfall-blog.html
ravenport-blogs/page-3/article-18.html,518,news-page.html,/news-page.html
ravenport-blogs/page-3/article-18.html,554,videos-page-raven.html,/videos-page-raven.html
ravenport-blogs/page-3/article-18.html,560,videos-page-haven.html,/videos-page-haven.html
ravenport-blogs/page-3/article-18.html,576,stories-page.html,/stories-page.html
ravenport-blogs/page-3/article-18.html,596,aboutnn.html,/aboutnn.html
ravenport-blogs/page-3/article-18.html,612,profilepage.html,/profilepage.html
ravenport-blogs/page-3/article-18.html,659,profilepage.html,/profilepage.html
ravenport-blogs/page-3/article-18.html,720,backnforth-cover.webp,/backnforth-cover.webp
ravenport-blogs/page-3/article-18.html,726,motelbloodbath-cover.webp,/motelbloodbath-cover.webp
ravenport-blogs/page-3/article-19.html,71,news-page.html,/news-page.html
ravenport-blogs/page-3/article-19.html,100,stories-page.html,/stories-page.html
ravenport-blogs/page-3/article-19.html,122,aboutnn.html,/aboutnn.html
ravenport-blogs/page-3/article-19.html,132,profilepage.html,/profilepage.html
ravenport-blogs/page-3/article-19.html,181,profilepage.html,/profilepage.html
ravenport-blogs/page-3/article-19.html,204,ravenport/original-story/,/ravenport/original-story/
ravenport-blogs/page-3/article-19.html,367,ravenport/original-story/,/ravenport/original-story/
ravenport-blogs/page-3/article-19.html,372,havenfall/original-story/,/havenfall/original-story/
ravenport-blogs/page-3/article-19.html,381,havenfall/AngelsNotes/,/havenfall/AngelsNotes/
ravenport-blogs/page-3/article-19.html,386,ravenport/bewitchinggirl/,/ravenport/bewitchinggirl/
ravenport-blogs/page-3/article-19.html,395,ravenport/raphaasylum/,/ravenport/raphaasylum/
ravenport-blogs/page-3/article-19.html,400,ravenport/behindthecurse/,/ravenport/behindthecurse/
ravenport-blogs/page-3/article-19.html,473,index.html,/index.html
ravenport-blogs/page-3/article-19.html,479,landing-havenfall-blog.html,/landing-havenfall-blog.html
ravenport-blogs/page-3/article-19.html,496,news-page.html,/news-page.html
ravenport-blogs/page-3/article-19.html,532,videos-page-raven.html,/videos-page-raven.html
ravenport-blogs/page-3/article-19.html,538,videos-page-haven.html,/videos-page-haven.html
ravenport-blogs/page-3/article-19.html,554,stories-page.html,/stories-page.html
ravenport-blogs/page-3/article-19.html,574,aboutnn.html,/aboutnn.html
ravenport-blogs/page-3/article-19.html,590,profilepage.html,/profilepage.html
ravenport-blogs/page-3/article-19.html,637,profilepage.html,/profilepage.html
ravenport-blogs/page-3/article-19.html,698,backnforth-cover.webp,/backnforth-cover.webp
ravenport-blogs/page-3/article-19.html,704,motelbloodbath-cover.webp,/motelbloodbath-cover.webp
ravenport-blogs/page-3/page3.html,7,havenfall/original-story/index.html,/havenfall/original-story/index.html
ravenport-blogs/page-3/page3.html,8,havenfall/angelsnotes/index.html,/havenfall/angelsnotes/index.html
ravenport-blogs/page-3/page3.html,9,ravenport/original-story/index.html,/ravenport/original-story/index.html
ravenport-blogs/page-3/page3.html,11,ravenport/bewitchinggirl/index.html,/ravenport/bewitchinggirl/index.html
ravenport-blogs/page-3/page3.html,1940,backnforth-cover.webp,/backnforth-cover.webp
ravenport-blogs/page-3/page3.html,1946,motelbloodbath-cover.webp,/motelbloodbath-cover.webp
