file,line,location,status,kind,label,href,class,target_exists,target_resolved,flags
"havenfall/AngelsNotes/AngelsNotes-chapter2.html","465","nav-buttons","live","previous","Previous","index.html","btn","true","havenfall/AngelsNotes/index.html",""
"havenfall/AngelsNotes/AngelsNotes-chapter2.html","468","nav-buttons","live","next","Next","AngelsNotes-chapter3.html","btn","true","havenfall/AngelsNotes/AngelsNotes-chapter3.html",""
"havenfall/AngelsNotes/AngelsNotes-chapter3.html","1175","nav-buttons","live","previous","Previous","AngelsNotes-chapter2.html","btn","true","havenfall/AngelsNotes/AngelsNotes-chapter2.html",""
"havenfall/AngelsNotes/AngelsNotes-chapter3.html","1176","nav-buttons","live","next","Next","AngelsNotes-chapter4.html","btn","true","havenfall/AngelsNotes/AngelsNotes-chapter4.html",""
"havenfall/AngelsNotes/AngelsNotes-chapter4.html","801","nav-buttons","live","previous","Previous","AngelsNotes-chapter3.html","btn","true","havenfall/AngelsNotes/AngelsNotes-chapter3.html",""
"havenfall/AngelsNotes/AngelsNotes-chapter4.html","803","nav-buttons","live","next","Next","AngelsNotes-chapter5.html","btn","true","havenfall/AngelsNotes/AngelsNotes-chapter5.html",""
"havenfall/AngelsNotes/AngelsNotes-chapter5.html","778","nav-buttons","live","previous","Previous","AngelsNotes-chapter4.html","btn","true","havenfall/AngelsNotes/AngelsNotes-chapter4.html",""
"havenfall/AngelsNotes/AngelsNotes-chapter5.html","780","nav-buttons","live","next","Next","AngelsNotes-chapter6.html","btn","true","havenfall/AngelsNotes/AngelsNotes-chapter6.html",""
"havenfall/AngelsNotes/AngelsNotes-chapter6.html","860","nav-buttons","live","previous","Previous","AngelsNotes-chapter5.html","btn","true","havenfall/AngelsNotes/AngelsNotes-chapter5.html",""
"havenfall/AngelsNotes/AngelsNotes-chapter6.html","861","nav-buttons","commented","next","Next","AngelsNotes-chapter7.html","btn","false","havenfall/AngelsNotes/AngelsNotes-chapter7.html","COMMENTED OUT; TARGET MISSING"
"havenfall/AngelsNotes/index.html","375","nav-buttons","commented","previous","Previous","page1.html","btn","false","havenfall/AngelsNotes/page1.html","COMMENTED OUT; TARGET MISSING"
"havenfall/AngelsNotes/index.html","377","nav-buttons","live","next","Next","AngelsNotes-chapter2.html","btn","true","havenfall/AngelsNotes/AngelsNotes-chapter2.html",""
"havenfall/daggeroflight/index.html","1249","nav-buttons","commented","previous","Previous","page1.html","btn","false","havenfall/daggeroflight/page1.html","COMMENTED OUT; TARGET MISSING"
"havenfall/daggeroflight/index.html","1251","nav-buttons","live","other","End","#","btn","","","PLACEHOLDER #"
"havenfall/deardiary/deardiary-entry10.html","210","nav-buttons","live","previous","Previous","deardiary-entry9.html","btn","true","havenfall/deardiary/deardiary-entry9.html",""
"havenfall/deardiary/deardiary-entry10.html","212","nav-buttons","live","next","Next","deardiary-entry11.html","btn","true","havenfall/deardiary/deardiary-entry11.html",""
"havenfall/deardiary/deardiary-entry11.html","185","nav-buttons","live","previous","Previous","deardiary-entry10.html","btn","true","havenfall/deardiary/deardiary-entry10.html",""
"havenfall/deardiary/deardiary-entry11.html","187","nav-buttons","live","next","Next","deardiary-entry12.html","btn","true","havenfall/deardiary/deardiary-entry12.html",""
"havenfall/deardiary/deardiary-entry12.html","186","nav-buttons","live","previous","Previous","deardiary-entry11.html","btn","true","havenfall/deardiary/deardiary-entry11.html",""
"havenfall/deardiary/deardiary-entry12.html","188","nav-buttons","live","next","Next","deardiary-entry13.html","btn","true","havenfall/deardiary/deardiary-entry13.html",""
"havenfall/deardiary/deardiary-entry13.html","187","nav-buttons","live","previous","Previous","deardiary-entry12.html","btn","true","havenfall/deardiary/deardiary-entry12.html",""
"havenfall/deardiary/deardiary-entry13.html","189","nav-buttons","live","next","Next","deardiary-entry14.html","btn","false","havenfall/deardiary/deardiary-entry14.html","TARGET MISSING"
"havenfall/deardiary/deardiary-entry2.html","199","nav-buttons","live","previous","Previous","index.html","btn","true","havenfall/deardiary/index.html",""
"havenfall/deardiary/deardiary-entry2.html","201","nav-buttons","live","next","Next","deardiary-entry3.html","btn","true","havenfall/deardiary/deardiary-entry3.html",""
"havenfall/deardiary/deardiary-entry3.html","187","nav-buttons","live","previous","Previous","deardiary-entry2.html","btn","true","havenfall/deardiary/deardiary-entry2.html",""
"havenfall/deardiary/deardiary-entry3.html","189","nav-buttons","live","next","Next","deardiary-entry4.html","btn","true","havenfall/deardiary/deardiary-entry4.html",""
"havenfall/deardiary/deardiary-entry4.html","196","nav-buttons","live","previous","Previous","deardiary-entry3.html","btn","true","havenfall/deardiary/deardiary-entry3.html",""
"havenfall/deardiary/deardiary-entry4.html","198","nav-buttons","live","next","Next","deardiary-entry5.html","btn","true","havenfall/deardiary/deardiary-entry5.html",""
"havenfall/deardiary/deardiary-entry5.html","274","nav-buttons","live","previous","Previous","deardiary-entry4.html","btn","true","havenfall/deardiary/deardiary-entry4.html",""
"havenfall/deardiary/deardiary-entry5.html","276","nav-buttons","live","next","Next","deardiary-entry6.html","btn","true","havenfall/deardiary/deardiary-entry6.html",""
"havenfall/deardiary/deardiary-entry6.html","287","nav-buttons","live","previous","Previous","deardiary-entry5.html","btn","true","havenfall/deardiary/deardiary-entry5.html",""
"havenfall/deardiary/deardiary-entry6.html","289","nav-buttons","live","next","Next","deardiary-entry7.html","btn","true","havenfall/deardiary/deardiary-entry7.html",""
"havenfall/deardiary/deardiary-entry7.html","239","nav-buttons","live","previous","Previous","deardiary-entry6.html","btn","true","havenfall/deardiary/deardiary-entry6.html",""
"havenfall/deardiary/deardiary-entry7.html","241","nav-buttons","live","next","Next","deardiary-entry8.html","btn","true","havenfall/deardiary/deardiary-entry8.html",""
"havenfall/deardiary/deardiary-entry8.html","240","nav-buttons","live","previous","Previous","deardiary-entry7.html","btn","true","havenfall/deardiary/deardiary-entry7.html",""
"havenfall/deardiary/deardiary-entry8.html","242","nav-buttons","live","next","Next","deardiary-entry9.html","btn","true","havenfall/deardiary/deardiary-entry9.html",""
"havenfall/deardiary/deardiary-entry9.html","227","nav-buttons","live","previous","Previous","deardiary-entry8.html","btn","true","havenfall/deardiary/deardiary-entry8.html",""
"havenfall/deardiary/deardiary-entry9.html","229","nav-buttons","live","next","Next","deardiary-entry10.html","btn","true","havenfall/deardiary/deardiary-entry10.html",""
"havenfall/deardiary/index.html","303","nav-buttons","live","previous","Previous","deardiary-entry2.html","btn","true","havenfall/deardiary/deardiary-entry2.html",""
"havenfall/deardiary/index.html","305","nav-buttons","commented","next","Next","deardiary-entry3.html","btn","true","havenfall/deardiary/deardiary-entry3.html","COMMENTED OUT"
"havenfall/original-story/Havenfall-chapter2.html","1404","nav-buttons","live","previous","Previous","index.html","btn","true","havenfall/original-story/index.html",""
"havenfall/original-story/Havenfall-chapter2.html","1406","nav-buttons","live","next","Next","Havenfall-chapter3.html","btn","true","havenfall/original-story/Havenfall-chapter3.html",""
"havenfall/original-story/Havenfall-chapter3.html","1455","nav-buttons","live","previous","Previous","Havenfall-chapter2.html","btn","true","havenfall/original-story/Havenfall-chapter2.html",""
"havenfall/original-story/Havenfall-chapter3.html","1457","nav-buttons","live","next","Next","Havenfall-chapter4.html","btn","true","havenfall/original-story/Havenfall-chapter4.html",""
"havenfall/original-story/Havenfall-chapter4.html","2568","nav-buttons","live","previous","Previous","Havenfall-chapter3.html","btn","true","havenfall/original-story/Havenfall-chapter3.html",""
"havenfall/original-story/Havenfall-chapter4.html","2570","nav-buttons","live","next","Next","Havenfall-chapter5.html","btn","true","havenfall/original-story/Havenfall-chapter5.html",""
"havenfall/original-story/Havenfall-chapter5.html","3159","nav-buttons","live","previous","Previous","Havenfall-chapter4.html","btn","true","havenfall/original-story/Havenfall-chapter4.html",""
"havenfall/original-story/Havenfall-chapter5.html","3161","nav-buttons","live","next","Next","Havenfall-chapter6.html","btn","true","havenfall/original-story/Havenfall-chapter6.html",""
"havenfall/original-story/Havenfall-chapter6.html","2222","nav-buttons","live","previous","Previous","Havenfall-chapter5.html","btn","true","havenfall/original-story/Havenfall-chapter5.html",""
"havenfall/original-story/Havenfall-chapter6.html","2224","nav-buttons","live","next","Next","Havenfall-chapter7.html","btn","true","havenfall/original-story/Havenfall-chapter7.html",""
"havenfall/original-story/Havenfall-chapter7.html","2060","nav-buttons","live","previous","Previous","Havenfall-chapter6.html","btn","true","havenfall/original-story/Havenfall-chapter6.html",""
"havenfall/original-story/Havenfall-chapter7.html","2062","nav-buttons","live","next","Next","Havenfall-chapter8.html","btn","true","havenfall/original-story/Havenfall-chapter8.html",""
"havenfall/original-story/Havenfall-chapter8.html","1457","nav-buttons","live","previous","Previous","Havenfall-chapter6.html","btn","true","havenfall/original-story/Havenfall-chapter6.html",""
"havenfall/original-story/Havenfall-chapter8.html","1459","nav-buttons","live","next","Next","Havenfall-chapter8.html","btn","true","havenfall/original-story/Havenfall-chapter8.html","LINKS TO ITSELF"
"havenfall/original-story/index.html","1169","nav-buttons","commented","previous","Previous","page1.html","btn","false","havenfall/original-story/page1.html","COMMENTED OUT; TARGET MISSING"
"havenfall/original-story/index.html","1171","nav-buttons","live","next","Next","Havenfall-chapter2.html","btn","true","havenfall/original-story/Havenfall-chapter2.html",""
"havenfall/sevensteps/index.html","1586","nav-buttons","live","next","Next","sevensteps-chapter2.html","btn","true","havenfall/sevensteps/sevensteps-chapter2.html",""
"havenfall/sevensteps/index.html","1588","nav-buttons","commented","next","Next","sevensteps-chapter3.html","btn","false","havenfall/sevensteps/sevensteps-chapter3.html","COMMENTED OUT; TARGET MISSING"
"havenfall/sevensteps/sevensteps-chapter2.html","1146","nav-buttons","live","previous","Previous","index.html","btn","true","havenfall/sevensteps/index.html",""
"havenfall/sevensteps/sevensteps-chapter2.html","1148","nav-buttons","live","next","Next","sevensteps-chapter2.html","btn","true","havenfall/sevensteps/sevensteps-chapter2.html","LINKS TO ITSELF"
"ravenport/back&forth/index.html","198","nav-buttons","commented","previous","Previous","page1.html","btn","false","ravenport/back&forth/page1.html","COMMENTED OUT; TARGET MISSING"
"ravenport/back&forth/index.html","200","nav-buttons","live","other","End","#","btn","","","PLACEHOLDER #"
"ravenport/behindthecurse/behindthecurse-chapter10.html","1787","nav-buttons","live","previous","Previous","behindthecurse-chapter9.html","btn","true","ravenport/behindthecurse/behindthecurse-chapter9.html",""
"ravenport/behindthecurse/behindthecurse-chapter10.html","1789","nav-buttons","commented","next","Next","behindthecurse-chapter10.html","btn","true","ravenport/behindthecurse/behindthecurse-chapter10.html","COMMENTED OUT; LINKS TO ITSELF"
"ravenport/behindthecurse/behindthecurse-chapter2.html","1856","nav-buttons","live","previous","Previous","index.html","btn","true","ravenport/behindthecurse/index.html",""
"ravenport/behindthecurse/behindthecurse-chapter2.html","1858","nav-buttons","live","next","Next","behindthecurse-chapter3.html","btn","true","ravenport/behindthecurse/behindthecurse-chapter3.html",""
"ravenport/behindthecurse/behindthecurse-chapter3.html","1562","nav-buttons","live","previous","Previous","behindthecurse-chapter2.html","btn","true","ravenport/behindthecurse/behindthecurse-chapter2.html",""
"ravenport/behindthecurse/behindthecurse-chapter3.html","1564","nav-buttons","live","next","Next","behindthecurse-chapter4.html","btn","true","ravenport/behindthecurse/behindthecurse-chapter4.html",""
"ravenport/behindthecurse/behindthecurse-chapter4.html","1274","nav-buttons","live","previous","Previous","behindthecurse-chapter3.html","btn","true","ravenport/behindthecurse/behindthecurse-chapter3.html",""
"ravenport/behindthecurse/behindthecurse-chapter4.html","1276","nav-buttons","live","next","Next","behindthecurse-chapter5.html","btn","true","ravenport/behindthecurse/behindthecurse-chapter5.html",""
"ravenport/behindthecurse/behindthecurse-chapter5.html","1384","nav-buttons","live","previous","Previous","behindthecurse-chapter4.html","btn","true","ravenport/behindthecurse/behindthecurse-chapter4.html",""
"ravenport/behindthecurse/behindthecurse-chapter5.html","1386","nav-buttons","live","next","Next","behindthecurse-chapter6.html","btn","true","ravenport/behindthecurse/behindthecurse-chapter6.html",""
"ravenport/behindthecurse/behindthecurse-chapter6.html","1431","nav-buttons","live","previous","Previous","behindthecurse-chapter5.html","btn","true","ravenport/behindthecurse/behindthecurse-chapter5.html",""
"ravenport/behindthecurse/behindthecurse-chapter6.html","1433","nav-buttons","live","next","Next","behindthecurse-chapter7.html","btn","true","ravenport/behindthecurse/behindthecurse-chapter7.html",""
"ravenport/behindthecurse/behindthecurse-chapter7.html","980","nav-buttons","live","previous","Previous","behindthecurse-chapter6.html","btn","true","ravenport/behindthecurse/behindthecurse-chapter6.html",""
"ravenport/behindthecurse/behindthecurse-chapter7.html","982","nav-buttons","live","next","Next","behindthecurse-chapter8.html","btn","true","ravenport/behindthecurse/behindthecurse-chapter8.html",""
"ravenport/behindthecurse/behindthecurse-chapter8.html","1578","nav-buttons","live","previous","Previous","behindthecurse-chapter7.html","btn","true","ravenport/behindthecurse/behindthecurse-chapter7.html",""
"ravenport/behindthecurse/behindthecurse-chapter8.html","1580","nav-buttons","live","next","Next","behindthecurse-chapter9.html","btn","true","ravenport/behindthecurse/behindthecurse-chapter9.html",""
"ravenport/behindthecurse/behindthecurse-chapter9.html","1142","nav-buttons","live","previous","Previous","behindthecurse-chapter8.html","btn","true","ravenport/behindthecurse/behindthecurse-chapter8.html",""
"ravenport/behindthecurse/behindthecurse-chapter9.html","1144","nav-buttons","live","next","Next","behindthecurse-chapter10.html","btn","true","ravenport/behindthecurse/behindthecurse-chapter10.html",""
"ravenport/behindthecurse/index.html","1312","nav-buttons","live","next","Next","behindthecurse-chapter2.html","btn","true","ravenport/behindthecurse/behindthecurse-chapter2.html",""
"ravenport/behindthecurse/index.html","1314","nav-buttons","commented","next","Next","behindthecurse-chapter2.html","btn","true","ravenport/behindthecurse/behindthecurse-chapter2.html","COMMENTED OUT"
"ravenport/birdshugs/birdshugs-chapter2.html","1564","nav-buttons","live","previous","Previous","index.html","btn","true","ravenport/birdshugs/index.html",""
"ravenport/birdshugs/birdshugs-chapter2.html","1566","nav-buttons","live","next","Next","birdshugs-chapter3.html","btn","true","ravenport/birdshugs/birdshugs-chapter3.html",""
"ravenport/birdshugs/birdshugs-chapter3.html","780","nav-buttons","live","previous","Previous","birdshugs-chapter2.html","btn","true","ravenport/birdshugs/birdshugs-chapter2.html",""
"ravenport/birdshugs/birdshugs-chapter3.html","782","nav-buttons","commented","next","Next","birdshugs-chapter3.html","btn","true","ravenport/birdshugs/birdshugs-chapter3.html","COMMENTED OUT; LINKS TO ITSELF"
"ravenport/birdshugs/index.html","610","nav-buttons","live","next","Next","birdshugs-chapter2.html","btn","true","ravenport/birdshugs/birdshugs-chapter2.html",""
"ravenport/birdshugs/index.html","612","nav-buttons","commented","next","Next","behindthecurse-chapter2.html","btn","false","ravenport/birdshugs/behindthecurse-chapter2.html","COMMENTED OUT; TARGET MISSING"
"ravenport/motelbloodbath/accused-file-page.html","136","nav-buttons","commented","previous","Previous","page1.html","btn","false","ravenport/motelbloodbath/page1.html","COMMENTED OUT; TARGET MISSING"
"ravenport/motelbloodbath/accused-file-page.html","138","nav-buttons","live","other","End","#","btn","","","PLACEHOLDER #"
"ravenport/motelbloodbath/index.html","2107","nav-buttons","commented","previous","Previous","page1.html","btn","false","ravenport/motelbloodbath/page1.html","COMMENTED OUT; TARGET MISSING"
"ravenport/motelbloodbath/index.html","2109","nav-buttons","live","other","End","#","btn","","","PLACEHOLDER #"
"ravenport/motelbloodbath/victim-file-page.html","141","nav-buttons","commented","previous","Previous","page1.html","btn","false","ravenport/motelbloodbath/page1.html","COMMENTED OUT; TARGET MISSING"
"ravenport/motelbloodbath/victim-file-page.html","143","nav-buttons","live","other","End","#","btn","","","PLACEHOLDER #"
"ravenport/original-story/Ravenport-chapter2.html","1535","nav-buttons","live","previous","Previous","Ravenport-chapter1.html","btn","false","ravenport/original-story/Ravenport-chapter1.html","TARGET MISSING"
"ravenport/original-story/Ravenport-chapter2.html","1538","nav-buttons","live","next","Next","Ravenport-chapter3.html","btn","true","ravenport/original-story/Ravenport-chapter3.html",""
"ravenport/original-story/Ravenport-chapter3.html","2363","nav-buttons","live","previous","Previous","Ravenport-chapter2.html","btn","true","ravenport/original-story/Ravenport-chapter2.html",""
"ravenport/original-story/Ravenport-chapter3.html","2365","nav-buttons","live","next","Next","Ravenport-chapter4.html","btn","true","ravenport/original-story/Ravenport-chapter4.html",""
"ravenport/original-story/Ravenport-chapter4.html","2343","nav-buttons","live","previous","Previous","Ravenport-chapter3.html","btn","true","ravenport/original-story/Ravenport-chapter3.html",""
"ravenport/original-story/Ravenport-chapter4.html","2346","nav-buttons","live","next","Next","Ravenport-chapter5.html","btn","true","ravenport/original-story/Ravenport-chapter5.html",""
"ravenport/original-story/Ravenport-chapter5.html","1730","nav-buttons","live","previous","Previous","Ravenport-chapter4.html","btn","true","ravenport/original-story/Ravenport-chapter4.html",""
"ravenport/original-story/Ravenport-chapter5.html","1732","nav-buttons","live","next","Next","Ravenport-chapter6.html","btn","true","ravenport/original-story/Ravenport-chapter6.html",""
"ravenport/original-story/Ravenport-chapter6.html","1683","nav-buttons","live","previous","Previous","Ravenport-chapter5.html","btn","true","ravenport/original-story/Ravenport-chapter5.html",""
"ravenport/original-story/Ravenport-chapter6.html","1686","nav-buttons","live","next","Next","Ravenport-chapter7.html","btn","true","ravenport/original-story/Ravenport-chapter7.html",""
"ravenport/original-story/Ravenport-chapter7.html","1110","nav-buttons","live","previous","Previous","Ravenport-chapter6.html","btn","true","ravenport/original-story/Ravenport-chapter6.html",""
"ravenport/original-story/Ravenport-chapter7.html","1113","nav-buttons","live","next","Next","Ravenport-chapter8.html","btn","true","ravenport/original-story/Ravenport-chapter8.html",""
"ravenport/original-story/Ravenport-chapter8.html","1730","nav-buttons","live","previous","Previous","Ravenport-chapter7.html","btn","true","ravenport/original-story/Ravenport-chapter7.html",""
"ravenport/original-story/index.html","969","nav-buttons","commented","previous","Previous","page1.html","btn","false","ravenport/original-story/page1.html","COMMENTED OUT; TARGET MISSING"
"ravenport/original-story/index.html","971","nav-buttons","live","next","Next","Ravenport-chapter2.html","btn","true","ravenport/original-story/Ravenport-chapter2.html",""
"ravenport/raphaasylum/index.html","1688","nav-buttons","live","next","Next","#","btn","","","PLACEHOLDER #"
"ravenport/raphaasylum/index.html","1690","nav-buttons","commented","next","Next","Havenfall-chapter6.html","btn","false","ravenport/raphaasylum/Havenfall-chapter6.html","COMMENTED OUT; TARGET MISSING"
"ravenport/someonewhostays/index.html","1155","nav-buttons","commented","previous","Previous","page1.html","btn","false","ravenport/someonewhostays/page1.html","COMMENTED OUT; TARGET MISSING"
"ravenport/someonewhostays/index.html","1157","nav-buttons","live","other","End","#","btn","","","PLACEHOLDER #"