file,line,page_folder,og_image_value,path,status,detail
aboutnn.html,20,/,https://nemxnovels.site/nemxnovels-about-og.webp,/nemxnovels-about-og.webp,OK,
archive-1.html,26,/,https://nemxnovels.site/archive-silion.webp,/archive-silion.webp,OK,
article-1.html,26,/,https://nemxnovels.site/curse-verse01.png,/curse-verse01.png,OK,
article-2.html,26,/,https://nemxnovels.site/sam.png,/sam.png,OK,
article-3.html,26,/,https://nemxnovels.site/dream-log01.png,/dream-log01.png,OK,
article-4.html,26,/,https://nemxnovels.site/Mine.webp,/Mine.webp,OK,
article-5.html,26,/,https://nemxnovels.site/mrted2.webp,/mrted2.webp,OK,
article-6.html,26,/,https://nemxnovels.site/stacy-1.webp,/stacy-1.webp,OK,
article-7.html,26,/,https://nemxnovels.site/silent.jpeg,/silent.jpeg,OK,
google03160ec8bf44f4c4.html,,/,,,NO og:image,
harticle-1.html,26,/,https://nemxnovels.site/harticle-1.webp,/harticle-1.webp,OK,
harticle-2.html,26,/,https://nemxnovels.site/harticle-2.webp,/harticle-2.webp,OK,
harticle-3.html,26,/,https://nemxnovels.site/harticle-3.webp,/harticle-3.webp,OK,
harticle-4.html,26,/,https://nemxnovels.site/harticle-4.webp,/harticle-4.webp,OK,
haven-news-page.html,28,/,https://nemxnovels.site/nemxnovels-news-og.webp,/nemxnovels-news-og.webp,OK,
hnews-1.html,10,/,https://nemxnovels.site/hnews5.webp,/hnews5.webp,OK,
hnews-10.html,10,/,https://nemxnovels.site/hnews10.webp,/hnews10.webp,OK,
hnews-11.html,10,/,https://nemxnovels.site/hnews11.webp,/hnews11.webp,OK,
hnews-12.html,10,/,https://nemxnovels.site/hnews12.webp,/hnews12.webp,OK,
hnews-13.html,10,/,https://nemxnovels.site/hnews13.webp,/hnews13.webp,OK,
hnews-14.html,10,/,https://nemxnovels.site/hnews14.webp,/hnews14.webp,OK,
hnews-15.html,10,/,https://nemxnovels.site/hnews15.webp,/hnews15.webp,OK,
hnews-2.html,10,/,https://nemxnovels.site/hnews4.webp,/hnews4.webp,OK,
hnews-3.html,10,/,https://nemxnovels.site/hnews6.webp,/hnews6.webp,OK,
hnews-4.html,10,/,https://nemxnovels.site/hnews2.webp,/hnews2.webp,OK,
hnews-5.html,10,/,https://nemxnovels.site/hnews1.webp,/hnews1.webp,OK,
hnews-6.html,10,/,https://nemxnovels.site/hnews3.webp,/hnews3.webp,OK,
hnews-7.html,10,/,https://nemxnovels.site/hnews7.webp,/hnews7.webp,OK,
hnews-8.html,10,/,https://nemxnovels.site/hnews8.webp,/hnews8.webp,OK,
hnews-9.html,10,/,https://nemxnovels.site/hnews9.webp,/hnews9.webp,OK,
index.html,31,/,https://nemxnovels.site/nemxnovels-og.webp,/nemxnovels-og.webp,OK,
landing-havenfall-blog.html,26,/,https://nemxnovels.site/nemxnovels-og.webp,/nemxnovels-og.webp,OK,
news-1.html,10,/,https://nemxnovels.site/news-silion.png,/news-silion.png,OK,
news-10.html,10,/,https://nemxnovels.site/cemetery.jpg,/cemetery.jpg,OK,
news-11.html,10,/,https://nemxnovels.site/marriage.jpg,/marriage.jpg,OK,
news-12.html,10,/,https://nemxnovels.site/phoneban.jpg,/phoneban.jpg,OK,
news-13.html,10,/,https://nemxnovels.site/cannon.jpg,/cannon.jpg,OK,
news-14.html,10,/,https://nemxnovels.site/old.jpeg,/old.jpeg,OK,
news-15.html,10,/,https://nemxnovels.site/love.jpeg,/love.jpeg,OK,
news-2.html,10,/,https://nemxnovels.site/military-closure.webp,/military-closure.webp,OK,
news-3.html,10,/,https://nemxnovels.site/patrollers.webp,/patrollers.webp,OK,
news-4.html,10,/,https://nemxnovels.site/mps.webp,/mps.webp,OK,
news-5.html,10,/,https://nemxnovels.site/carg.webp,/carg.webp,OK,
news-6.html,10,/,https://nemxnovels.site/srcity.webp,/srcity.webp,OK,
news-7.html,10,/,https://nemxnovels.site/stalker.webp,/stalker.webp,OK,
news-8.html,10,/,https://nemxnovels.site/traingirl.jpg,/traingirl.jpg,OK,
news-9.html,10,/,https://nemxnovels.site/drugl.webp,/drugl.webp,OK,
news-page.html,29,/,https://nemxnovels.site/nemxnovels-news-og.webp,/nemxnovels-news-og.webp,OK,
profilepage.html,18,/,https://nemxnovels.site/nemxnovels-profile-og.webp,/nemxnovels-profile-og.webp,OK,
sevensteps-chapter3.html,13,/,https://nemxnovels.site/havenfa/sevensteps/sevensteps-og.webp,/havenfa/sevensteps/sevensteps-og.webp,MISSING FILE,"suggest: /blog.png, /nemxnovels-about-og.webp, /nemxnovels-news-og.webp, /nemxnovels-og.webp, /nemxnovels-profile-og.webp, /nemxnovels-stories-og.webp, /nemxnovels-videos-og.webp, /og-image.png"
stories-page.html,25,/,https://nemxnovels.site/nemxnovels-stories-og.webp,/nemxnovels-stories-og.webp,OK,
videos-page-angel.html,,/,,,NO og:image,
videos-page-haven.html,27,/,https://nemxnovels.site/nemxnovels-videos-og.webp,/nemxnovels-videos-og.webp,OK,
videos-page-raven.html,27,/,https://nemxnovels.site/nemxnovels-videos-og.webp,/nemxnovels-videos-og.webp,OK,
havenfall/AngelsNotes/AngelsNotes-chapter2.html,12,/havenfall/AngelsNotes,https://nemxnovels.site/havenfall/AngelsNotes/angelsnotes-og.webp,/havenfall/AngelsNotes/angelsnotes-og.webp,OK,
havenfall/AngelsNotes/AngelsNotes-chapter3.html,12,/havenfall/AngelsNotes,https://nemxnovels.site/havenfall/AngelsNotes/angelsnotes-og.webp,/havenfall/AngelsNotes/angelsnotes-og.webp,OK,
havenfall/AngelsNotes/AngelsNotes-chapter4.html,12,/havenfall/AngelsNotes,https://nemxnovels.site/havenfall/AngelsNotes/angelsnotes-og.webp,/havenfall/AngelsNotes/angelsnotes-og.webp,OK,
havenfall/AngelsNotes/AngelsNotes-chapter5.html,12,/havenfall/AngelsNotes,https://nemxnovels.site/havenfall/AngelsNotes/angelsnotes-og.webp,/havenfall/AngelsNotes/angelsnotes-og.webp,OK,
havenfall/AngelsNotes/AngelsNotes-chapter6.html,12,/havenfall/AngelsNotes,https://nemxnovels.site/havenfall/AngelsNotes/angelsnotes-og.webp,/havenfall/AngelsNotes/angelsnotes-og.webp,OK,
havenfall/AngelsNotes/AngelsNotes-wherewereyou.html,,/havenfall/AngelsNotes,,,NO og:image,
havenfall/AngelsNotes/angelsnote-character-botas.html,12,/havenfall/AngelsNotes,https://nemxnovels.site/havenfall/AngelsNotes/angelsnotes-og.webp,/havenfall/AngelsNotes/angelsnotes-og.webp,OK,
havenfall/AngelsNotes/angelsnote-character-chris.html,12,/havenfall/AngelsNotes,https://nemxnovels.site/havenfall/AngelsNotes/angelsnotes-og.webp,/havenfall/AngelsNotes/angelsnotes-og.webp,OK,
havenfall/AngelsNotes/angelsnote-character-elizabeth.html,12,/havenfall/AngelsNotes,https://nemxnovels.site/havenfall/AngelsNotes/angelsnotes-og.webp,/havenfall/AngelsNotes/angelsnotes-og.webp,OK,
havenfall/AngelsNotes/angelsnote-character-lusion.html,12,/havenfall/AngelsNotes,https://nemxnovels.site/havenfall/AngelsNotes/angelsnotes-og.webp,/havenfall/AngelsNotes/angelsnotes-og.webp,OK,
havenfall/AngelsNotes/index.html,12,/havenfall/AngelsNotes,https://nemxnovels.site/havenfall/AngelsNotes/angelsnotes-og.webp,/havenfall/AngelsNotes/angelsnotes-og.webp,OK,
havenfall/blueroom/alena.html,13,/havenfall/blueroom,https://nemxnovels.site/havenfall/blueroom/nemxnovels-blueroom-og.webp,/havenfall/blueroom/nemxnovels-blueroom-og.webp,OK,
havenfall/blueroom/ashley-chat.html,13,/havenfall/blueroom,https://nemxnovels.site/havenfall/blueroom/nemxnovels-blueroom-og.webp,/havenfall/blueroom/nemxnovels-blueroom-og.webp,OK,
havenfall/blueroom/ashley-kim.html,11,/havenfall/blueroom,https://nemxnovels.site/havenfall/blueroom/nemxnovels-blueroom-og.webp,/havenfall/blueroom/nemxnovels-blueroom-og.webp,OK,
havenfall/blueroom/ashley.html,13,/havenfall/blueroom,https://nemxnovels.site/havenfall/blueroom/nemxnovels-blueroom-og.webp,/havenfall/blueroom/nemxnovels-blueroom-og.webp,OK,
havenfall/blueroom/brea.html,13,/havenfall/blueroom,https://nemxnovels.site/havenfall/blueroom/nemxnovels-blueroom-og.webp,/havenfall/blueroom/nemxnovels-blueroom-og.webp,OK,
havenfall/blueroom/daisy.html,13,/havenfall/blueroom,https://nemxnovels.site/havenfall/blueroom/nemxnovels-blueroom-og.webp,/havenfall/blueroom/nemxnovels-blueroom-og.webp,OK,
havenfall/blueroom/david.html,13,/havenfall/blueroom,https://nemxnovels.site/havenfall/blueroom/nemxnovels-blueroom-og.webp,/havenfall/blueroom/nemxnovels-blueroom-og.webp,OK,
havenfall/blueroom/dolls.html,13,/havenfall/blueroom,https://nemxnovels.site/havenfall/blueroom/nemxnovels-blueroom-og.webp,/havenfall/blueroom/nemxnovels-blueroom-og.webp,OK,
havenfall/blueroom/emo-girl-kim.html,12,/havenfall/blueroom,https://nemxnovels.site/havenfall/blueroom/nemxnovels-blueroom-og.webp,/havenfall/blueroom/nemxnovels-blueroom-og.webp,OK,
havenfall/blueroom/emo-girl.html,13,/havenfall/blueroom,https://nemxnovels.site/havenfall/blueroom/nemxnovels-blueroom-og.webp,/havenfall/blueroom/nemxnovels-blueroom-og.webp,OK,
havenfall/blueroom/george.html,11,/havenfall/blueroom,https://nemxnovels.site/havenfall/blueroom/nemxnovels-blueroom-og.webp,/havenfall/blueroom/nemxnovels-blueroom-og.webp,OK,
havenfall/blueroom/gojo.html,12,/havenfall/blueroom,https://nemxnovels.site/havenfall/blueroom/nemxnovels-blueroom-og.webp,/havenfall/blueroom/nemxnovels-blueroom-og.webp,OK,
havenfall/blueroom/index.html,12,/havenfall/blueroom,https://nemxnovels.site/havenfall/blueroom/nemxnovels-blueroom-og.webp,/havenfall/blueroom/nemxnovels-blueroom-og.webp,OK,
havenfall/blueroom/ivan.html,13,/havenfall/blueroom,https://nemxnovels.site/havenfall/blueroom/nemxnovels-blueroom-og.webp,/havenfall/blueroom/nemxnovels-blueroom-og.webp,OK,
havenfall/blueroom/jason.html,11,/havenfall/blueroom,https://nemxnovels.site/havenfall/blueroom/nemxnovels-blueroom-og.webp,/havenfall/blueroom/nemxnovels-blueroom-og.webp,OK,
havenfall/blueroom/jessica.html,11,/havenfall/blueroom,https://nemxnovels.site/havenfall/blueroom/nemxnovels-blueroom-og.webp,/havenfall/blueroom/nemxnovels-blueroom-og.webp,OK,
havenfall/blueroom/jillia.html,11,/havenfall/blueroom,https://nemxnovels.site/havenfall/blueroom/nemxnovels-blueroom-og.webp,/havenfall/blueroom/nemxnovels-blueroom-og.webp,OK,
havenfall/blueroom/kim-ashley.html,11,/havenfall/blueroom,https://nemxnovels.site/havenfall/blueroom/nemxnovels-blueroom-og.webp,/havenfall/blueroom/nemxnovels-blueroom-og.webp,OK,
havenfall/blueroom/kim-chat.html,13,/havenfall/blueroom,https://nemxnovels.site/havenfall/blueroom/nemxnovels-blueroom-og.webp,/havenfall/blueroom/nemxnovels-blueroom-og.webp,OK,
havenfall/blueroom/kim.html,11,/havenfall/blueroom,https://nemxnovels.site/havenfall/blueroom/nemxnovels-blueroom-og.webp,/havenfall/blueroom/nemxnovels-blueroom-og.webp,OK,
havenfall/blueroom/lance.html,13,/havenfall/blueroom,https://nemxnovels.site/havenfall/blueroom/nemxnovels-blueroom-og.webp,/havenfall/blueroom/nemxnovels-blueroom-og.webp,OK,
havenfall/blueroom/lilith.html,13,/havenfall/blueroom,https://nemxnovels.site/havenfall/blueroom/nemxnovels-blueroom-og.webp,/havenfall/blueroom/nemxnovels-blueroom-og.webp,OK,
havenfall/blueroom/lorenzo.html,13,/havenfall/blueroom,https://nemxnovels.site/havenfall/blueroom/nemxnovels-blueroom-og.webp,/havenfall/blueroom/nemxnovels-blueroom-og.webp,OK,
havenfall/blueroom/matt.html,13,/havenfall/blueroom,https://nemxnovels.site/havenfall/blueroom/nemxnovels-blueroom-og.webp,/havenfall/blueroom/nemxnovels-blueroom-og.webp,OK,
havenfall/blueroom/maya.html,13,/havenfall/blueroom,https://nemxnovels.site/havenfall/blueroom/nemxnovels-blueroom-og.webp,/havenfall/blueroom/nemxnovels-blueroom-og.webp,OK,
havenfall/blueroom/meta.html,,/havenfall/blueroom,,,NO og:image,
havenfall/blueroom/milo.html,13,/havenfall/blueroom,https://nemxnovels.site/havenfall/blueroom/nemxnovels-blueroom-og.webp,/havenfall/blueroom/nemxnovels-blueroom-og.webp,OK,
havenfall/blueroom/mohan.html,11,/havenfall/blueroom,https://nemxnovels.site/havenfall/blueroom/nemxnovels-blueroom-og.webp,/havenfall/blueroom/nemxnovels-blueroom-og.webp,OK,
havenfall/blueroom/mona.html,11,/havenfall/blueroom,https://nemxnovels.site/havenfall/blueroom/nemxnovels-blueroom-og.webp,/havenfall/blueroom/nemxnovels-blueroom-og.webp,OK,
havenfall/blueroom/murphy.html,13,/havenfall/blueroom,https://nemxnovels.site/havenfall/blueroom/nemxnovels-blueroom-og.webp,/havenfall/blueroom/nemxnovels-blueroom-og.webp,OK,
havenfall/blueroom/nate-ashley.html,13,/havenfall/blueroom,https://nemxnovels.site/havenfall/blueroom/nemxnovels-blueroom-og.webp,/havenfall/blueroom/nemxnovels-blueroom-og.webp,OK,
havenfall/blueroom/nate-kim.html,12,/havenfall/blueroom,https://nemxnovels.site/havenfall/blueroom/nemxnovels-blueroom-og.webp,/havenfall/blueroom/nemxnovels-blueroom-og.webp,OK,
havenfall/blueroom/rachel.html,13,/havenfall/blueroom,https://nemxnovels.site/havenfall/blueroom/nemxnovels-blueroom-og.webp,/havenfall/blueroom/nemxnovels-blueroom-og.webp,OK,
havenfall/blueroom/roger.html,13,/havenfall/blueroom,https://nemxnovels.site/havenfall/blueroom/nemxnovels-blueroom-og.webp,/havenfall/blueroom/nemxnovels-blueroom-og.webp,OK,
havenfall/blueroom/scarlet.html,11,/havenfall/blueroom,https://nemxnovels.site/havenfall/blueroom/nemxnovels-blueroom-og.webp,/havenfall/blueroom/nemxnovels-blueroom-og.webp,OK,
havenfall/blueroom/skylar.html,13,/havenfall/blueroom,https://nemxnovels.site/havenfall/blueroom/nemxnovels-blueroom-og.webp,/havenfall/blueroom/nemxnovels-blueroom-og.webp,OK,
havenfall/blueroom/stan.html,13,/havenfall/blueroom,https://nemxnovels.site/havenfall/blueroom/nemxnovels-blueroom-og.webp,/havenfall/blueroom/nemxnovels-blueroom-og.webp,OK,
havenfall/blueroom/steven.html,13,/havenfall/blueroom,https://nemxnovels.site/havenfall/blueroom/nemxnovels-blueroom-og.webp,/havenfall/blueroom/nemxnovels-blueroom-og.webp,OK,
havenfall/blueroom/third-party-document.html,,/havenfall/blueroom,,,NO og:image,
havenfall/blueroom/titus.html,13,/havenfall/blueroom,https://nemxnovels.site/havenfall/blueroom/nemxnovels-blueroom-og.webp,/havenfall/blueroom/nemxnovels-blueroom-og.webp,OK,
havenfall/blueroom/torez.html,11,/havenfall/blueroom,https://nemxnovels.site/havenfall/blueroom/nemxnovels-blueroom-og.webp,/havenfall/blueroom/nemxnovels-blueroom-og.webp,OK,
havenfall/blueroom/vlad.html,13,/havenfall/blueroom,https://nemxnovels.site/havenfall/blueroom/nemxnovels-blueroom-og.webp,/havenfall/blueroom/nemxnovels-blueroom-og.webp,OK,
havenfall/blueroom/whitney-kim.html,14,/havenfall/blueroom,https://nemxnovels.site/havenfall/blueroom/nemxnovels-blueroom-og.webp,/havenfall/blueroom/nemxnovels-blueroom-og.webp,OK,
havenfall/blueroom/whitney.html,11,/havenfall/blueroom,https://nemxnovels.site/havenfall/blueroom/nemxnovels-blueroom-og.webp,/havenfall/blueroom/nemxnovels-blueroom-og.webp,OK,
havenfall/daggeroflight/index.html,12,/havenfall/daggeroflight,https://nemxnovels.site/havenfall/daggeroflight-og.webp,/havenfall/daggeroflight-og.webp,MISSING FILE,suggest: /havenfall/daggeroflight/daggeroflight-og.webp
havenfall/deardiary/deardiary-character-lexie.html,12,/havenfall/deardiary,https://nemxnovels.site/havenfall/deardiary/deardiary-og.webp,/havenfall/deardiary/deardiary-og.webp,OK,
havenfall/deardiary/deardiary-character-melissa.html,12,/havenfall/deardiary,https://nemxnovels.site/havenfall/deardiary/deardiary-og.webp,/havenfall/deardiary/deardiary-og.webp,OK,
havenfall/deardiary/deardiary-entry10.html,13,/havenfall/deardiary,https://nemxnovels.site/havenfall/deardiary/deardiary-og.webp,/havenfall/deardiary/deardiary-og.webp,OK,
havenfall/deardiary/deardiary-entry11.html,11,/havenfall/deardiary,https://nemxnovels.site/havenfall/deardiary/deardiary-og.webp,/havenfall/deardiary/deardiary-og.webp,OK,
havenfall/deardiary/deardiary-entry12.html,11,/havenfall/deardiary,https://nemxnovels.site/havenfall/deardiary/deardiary-og.webp,/havenfall/deardiary/deardiary-og.webp,OK,
havenfall/deardiary/deardiary-entry13.html,11,/havenfall/deardiary,https://nemxnovels.site/havenfall/deardiary/deardiary-og.webp,/havenfall/deardiary/deardiary-og.webp,OK,
havenfall/deardiary/deardiary-entry2.html,12,/havenfall/deardiary,https://nemxnovels.site/havenfall/deardiary/deardiary-og.webp,/havenfall/deardiary/deardiary-og.webp,OK,
havenfall/deardiary/deardiary-entry3.html,11,/havenfall/deardiary,https://nemxnovels.site/havenfall/deardiary/deardiary-og.webp,/havenfall/deardiary/deardiary-og.webp,OK,
havenfall/deardiary/deardiary-entry4.html,11,/havenfall/deardiary,https://nemxnovels.site/havenfall/deardiary/deardiary-og.webp,/havenfall/deardiary/deardiary-og.webp,OK,
havenfall/deardiary/deardiary-entry5.html,11,/havenfall/deardiary,https://nemxnovels.site/havenfall/deardiary/deardiary-og.webp,/havenfall/deardiary/deardiary-og.webp,OK,
havenfall/deardiary/deardiary-entry6.html,11,/havenfall/deardiary,https://nemxnovels.site/havenfall/deardiary/deardiary-og.webp,/havenfall/deardiary/deardiary-og.webp,OK,
havenfall/deardiary/deardiary-entry7.html,11,/havenfall/deardiary,https://nemxnovels.site/havenfall/deardiary/deardiary-og.webp,/havenfall/deardiary/deardiary-og.webp,OK,
havenfall/deardiary/deardiary-entry8.html,11,/havenfall/deardiary,https://nemxnovels.site/havenfall/deardiary/deardiary-og.webp,/havenfall/deardiary/deardiary-og.webp,OK,
havenfall/deardiary/deardiary-entry9.html,11,/havenfall/deardiary,https://nemxnovels.site/havenfall/deardiary/deardiary-og.webp,/havenfall/deardiary/deardiary-og.webp,OK,
havenfall/deardiary/deardiary-wherewereyou.html,12,/havenfall/deardiary,https://nemxnovels.site/havenfall/deardiary/deardiary-og.webp,/havenfall/deardiary/deardiary-og.webp,OK,
havenfall/deardiary/index.html,12,/havenfall/deardiary,https://nemxnovels.site/havenfall/deardiary/deardiary-og.webp,/havenfall/deardiary/deardiary-og.webp,OK,
havenfall/original-story/Havenfall-chapter2.html,12,/havenfall/original-story,https://nemxnovels.site/havenfall/original-story/havenfall-og.webp,/havenfall/original-story/havenfall-og.webp,OK,
havenfall/original-story/Havenfall-chapter3.html,12,/havenfall/original-story,https://nemxnovels.site/havenfall/original-story/havenfall-og.webp,/havenfall/original-story/havenfall-og.webp,OK,
havenfall/original-story/Havenfall-chapter4.html,12,/havenfall/original-story,https://nemxnovels.site/havenfall/original-story/havenfall-og.webp,/havenfall/original-story/havenfall-og.webp,OK,
havenfall/original-story/Havenfall-chapter5.html,12,/havenfall/original-story,https://nemxnovels.site/havenfall/original-story/havenfall-og.webp,/havenfall/original-story/havenfall-og.webp,OK,
havenfall/original-story/Havenfall-chapter6.html,12,/havenfall/original-story,https://nemxnovels.site/havenfall/original-story/havenfall-og.webp,/havenfall/original-story/havenfall-og.webp,OK,
havenfall/original-story/Havenfall-chapter7.html,15,/havenfall/original-story,https://nemxnovels.site/havenfall/original-story/havenfall-og.webp,/havenfall/original-story/havenfall-og.webp,OK,
havenfall/original-story/Havenfall-chapter8.html,12,/havenfall/original-story,https://nemxnovels.site/havenfall/original-story/havenfall-og.webp,/havenfall/original-story/havenfall-og.webp,OK,
havenfall/original-story/Havenfall-wherewereyou.html,,/havenfall/original-story,,,NO og:image,
havenfall/original-story/havenfall-character-aleister.html,12,/havenfall/original-story,https://nemxnovels.site/havenfall/original-story/havenfall-og.webp,/havenfall/original-story/havenfall-og.webp,OK,
havenfall/original-story/havenfall-character-alexander.html,12,/havenfall/original-story,https://nemxnovels.site/havenfall/original-story/havenfall-og.webp,/havenfall/original-story/havenfall-og.webp,OK,
havenfall/original-story/havenfall-character-andrew.html,12,/havenfall/original-story,https://nemxnovels.site/havenfall/original-story/havenfall-og.webp,/havenfall/original-story/havenfall-og.webp,OK,
havenfall/original-story/havenfall-character-anthony.html,12,/havenfall/original-story,https://nemxnovels.site/havenfall/original-story/havenfall-og.webp,/havenfall/original-story/havenfall-og.webp,OK,
havenfall/original-story/havenfall-character-belladonna.html,12,/havenfall/original-story,https://nemxnovels.site/havenfall/original-story/havenfall-og.webp,/havenfall/original-story/havenfall-og.webp,OK,
havenfall/original-story/havenfall-character-billie.html,12,/havenfall/original-story,https://nemxnovels.site/havenfall/original-story/havenfall-og.webp,/havenfall/original-story/havenfall-og.webp,OK,
havenfall/original-story/havenfall-character-cyrus.html,12,/havenfall/original-story,https://nemxnovels.site/havenfall/original-story/havenfall-og.webp,/havenfall/original-story/havenfall-og.webp,OK,
havenfall/original-story/havenfall-character-elizabeth.html,12,/havenfall/original-story,https://nemxnovels.site/havenfall/original-story/havenfall-og.webp,/havenfall/original-story/havenfall-og.webp,OK,
havenfall/original-story/havenfall-character-emily.html,12,/havenfall/original-story,https://nemxnovels.site/havenfall/original-story/havenfall-og.webp,/havenfall/original-story/havenfall-og.webp,OK,
havenfall/original-story/havenfall-character-matt.html,12,/havenfall/original-story,https://nemxnovels.site/havenfall/original-story/havenfall-og.webp,/havenfall/original-story/havenfall-og.webp,OK,
havenfall/original-story/havenfall-character-mavis.html,12,/havenfall/original-story,https://nemxnovels.site/havenfall/original-story/havenfall-og.webp,/havenfall/original-story/havenfall-og.webp,OK,
havenfall/original-story/havenfall-character-nova.html,12,/havenfall/original-story,https://nemxnovels.site/havenfall/original-story/havenfall-og.webp,/havenfall/original-story/havenfall-og.webp,OK,
havenfall/original-story/havenfall-character-simon.html,12,/havenfall/original-story,https://nemxnovels.site/havenfall/original-story/havenfall-og.webp,/havenfall/original-story/havenfall-og.webp,OK,
havenfall/original-story/havenfall-character-victor.html,12,/havenfall/original-story,https://nemxnovels.site/havenfall/original-story/havenfall-og.webp,/havenfall/original-story/havenfall-og.webp,OK,
havenfall/original-story/index.html,12,/havenfall/original-story,https://nemxnovels.site/havenfall/original-story/havenfall-og.webp,/havenfall/original-story/havenfall-og.webp,OK,
havenfall/sevensteps/index.html,13,/havenfall/sevensteps,https://nemxnovels.site/havenfa/sevensteps/sevensteps-og.webp,/havenfa/sevensteps/sevensteps-og.webp,MISSING FILE,suggest: /havenfall/sevensteps/sevensteps-og.webp
havenfall/sevensteps/sevensteps-chapter2.html,13,/havenfall/sevensteps,https://nemxnovels.site/havenfa/sevensteps/sevensteps-og.webp,/havenfa/sevensteps/sevensteps-og.webp,MISSING FILE,suggest: /havenfall/sevensteps/sevensteps-og.webp
havenfall/sevensteps/sevensteps-wherewereyou.html,,/havenfall/sevensteps,,,NO og:image,
havenfall-blogs/page-2/harticle-10.html,29,/havenfall-blogs/page-2,https://nemxnovels.site/havenfall-blogs/page-2/charisma.webp,/havenfall-blogs/page-2/charisma.webp,OK,
havenfall-blogs/page-2/harticle-11.html,29,/havenfall-blogs/page-2,https://nemxnovels.site/havenfall-blogs/page-2/boba.webp,/havenfall-blogs/page-2/boba.webp,OK,
havenfall-blogs/page-2/harticle-5.html,26,/havenfall-blogs/page-2,https://nemxnovels.site/havenfall-blogs/page-2/shadow.webp,/havenfall-blogs/page-2/shadow.webp,OK,
havenfall-blogs/page-2/harticle-6.html,26,/havenfall-blogs/page-2,https://nemxnovels.site/havenfall-blogs/page-2/future.webp,/havenfall-blogs/page-2/future.webp,OK,
havenfall-blogs/page-2/harticle-7.html,26,/havenfall-blogs/page-2,https://nemxnovels.site/havenfall-blogs/page-2/fakecrime.webp,/havenfall-blogs/page-2/fakecrime.webp,OK,
havenfall-blogs/page-2/harticle-8.html,26,/havenfall-blogs/page-2,https://nemxnovels.site/havenfall-blogs/page-2/uniletter.webp,/havenfall-blogs/page-2/uniletter.webp,OK,
havenfall-blogs/page-2/harticle-9.html,26,/havenfall-blogs/page-2,https://nemxnovels.site/havenfall-blogs/page-2/kidney.webp,/havenfall-blogs/page-2/kidney.webp,OK,
havenfall-blogs/page-2/page2.html,31,/havenfall-blogs/page-2,https://nemxnovels.site/nemxnovels-og.webp,/nemxnovels-og.webp,OTHER FOLDER,"image is in /; own folder has: /havenfall-blogs/page-2/blog.png, /havenfall-blogs/page-2/nemxnovels-og.webp"
havenfall-blogs/page-3/harticle-12.html,26,/havenfall-blogs/page-3,https://nemxnovels.site/havenfall-blogs/page-3/realestate.webp,/havenfall-blogs/page-3/realestate.webp,OK,
havenfall-blogs/page-3/harticle-13.html,26,/havenfall-blogs/page-3,https://nemxnovels.site/havenfall-blogs/page-3/church.webp,/havenfall-blogs/page-3/church.webp,OK,
havenfall-blogs/page-3/harticle-14.html,26,/havenfall-blogs/page-3,https://nemxnovels.site/havenfall-blogs/page-3/musiccope.webp,/havenfall-blogs/page-3/musiccope.webp,OK,
havenfall-blogs/page-3/harticle-15.html,26,/havenfall-blogs/page-3,https://nemxnovels.site/havenfall-blogs/page-3/forever.webp,/havenfall-blogs/page-3/forever.webp,OK,
havenfall-blogs/page-3/harticle-16.html,26,/havenfall-blogs/page-3,https://nemxnovels.site/havenfall-blogs/page-3/musicboy.webp,/havenfall-blogs/page-3/musicboy.webp,OK,
havenfall-blogs/page-3/page3.html,31,/havenfall-blogs/page-3,https://nemxnovels.site/nemxnovels-og.webp,/nemxnovels-og.webp,OTHER FOLDER,"image is in /; own folder has: /havenfall-blogs/page-3/blog.png, /havenfall-blogs/page-3/nemxnovels-og.webp, /havenfall-blogs/page-3/ravenportog.webp"
news/haven-news-page-2.html,29,/news,https://nemxnovels.site/news/nemxnovels-news-og.webp,/news/nemxnovels-news-og.webp,OK,
news/hnews-16.html,10,/news,https://nemxnovels.site/news/sleepy.webp,/news/sleepy.webp,OK,
news/hnews-17.html,10,/news,https://nemxnovels.site/news/dental.webp,/news/dental.webp,OK,
news/hnews-18.html,10,/news,https://nemxnovels.site/news/cuddling.webp,/news/cuddling.webp,OK,
news/hnews-19.html,10,/news,https://nemxnovels.site/news/heartless.webp,/news/heartless.webp,OK,
news/hnews-20.html,10,/news,https://nemxnovels.site/news/paradise.webp,/news/paradise.webp,OK,
news/hnews-21.html,10,/news,https://nemxnovels.site/news/awaken.webp,/news/awaken.webp,OK,
news/hnews-22.html,10,/news,https://nemxnovels.site/news/bear.webp,/news/bear.webp,OK,
news/hnews-23.html,10,/news,https://nemxnovels.site/news/streets.webp,/news/streets.webp,OK,
news/hnews-24.html,10,/news,https://nemxnovels.site/news/freelife.webp,/news/freelife.webp,OK,
news/hnews-25.html,10,/news,https://nemxnovels.site/news/agents.webp,/news/agents.webp,OK,
news/hnews-26.html,10,/news,https://nemxnovels.site/news/syndicate.webp,/news/syndicate.webp,OK,
news/hnews-27.html,10,/news,https://nemxnovels.site/news/weedfarm.webp,/news/weedfarm.webp,OK,
news/hnews-28.html,10,/news,https://nemxnovels.site/news/company.webp,/news/company.webp,OK,
news/hnews-29.html,10,/news,https://nemxnovels.site/news/bikers.webp,/news/bikers.webp,OK,
news/hnews-30.html,10,/news,https://nemxnovels.site/news/guns.webp,/news/guns.webp,OK,
news/news-16.html,10,/news,https://nemxnovels.site/news/ravenport-news-og.webp,/news/ravenport-news-og.webp,MISSING FILE,"suggest: /news/blog.png, /news/nemxnovels-about-og.webp, /news/nemxnovels-news-og.webp, /news/nemxnovels-og.webp, /news/nemxnovels-profile-og.webp, /news/nemxnovels-stories-og.webp, /news/nemxnovels-videos-og.webp, /news/og-image.png"
news/news-17.html,10,/news,https://nemxnovels.site/news/evidence.webp,/news/evidence.webp,OK,
news/news-18.html,10,/news,https://nemxnovels.site/news/death.webp,/news/death.webp,OK,
news/news-19.html,10,/news,https://nemxnovels.site/news/0.1love.webp,/news/0.1love.webp,OK,
news/news-20.html,10,/news,https://nemxnovels.site/news/fourthfloor.webp,/news/fourthfloor.webp,OK,
news/news-21.html,10,/news,https://nemxnovels.site/news/haunt.webp,/news/haunt.webp,OK,
news/news-22.html,10,/news,https://nemxnovels.site/news/robot.webp,/news/robot.webp,OK,
news/news-23.html,10,/news,https://nemxnovels.site/news/lack.webp,/news/lack.webp,OK,
news/news-24.html,10,/news,https://nemxnovels.site/news/lawn.webp,/news/lawn.webp,OK,
news/news-25.html,10,/news,https://nemxnovels.site/news/bdsm.webp,/news/bdsm.webp,OK,
news/news-26.html,10,/news,https://nemxnovels.site/news/lanaho.webp,/news/lanaho.webp,OK,
news/news-27.html,10,/news,https://nemxnovels.site/news/aliens.webp,/news/aliens.webp,OK,
news/news-28.html,10,/news,https://nemxnovels.site/news/sellinghuman.webp,/news/sellinghuman.webp,OK,
news/news-29.html,10,/news,https://nemxnovels.site/news/singer.webp,/news/singer.webp,OK,
news/news-30.html,10,/news,https://nemxnovels.site/news/underground.webp,/news/underground.webp,OK,
news/news-page-2.html,29,/news,https://nemxnovels.site/news/nemxnovels-news-og.webp,/news/nemxnovels-news-og.webp,OK,
occult-arcana/index.html,28,/occult-arcana,https://nemxnovels.site/occult-arcana/occult-arcana-og.webp,/occult-arcana/occult-arcana-og.webp,OK,
occult-arcana/item.html,19,/occult-arcana,https://nemxnovels.site/occult-arcana/assets/occult-arcana-og.webp,/occult-arcana/assets/occult-arcana-og.webp,MISSING FILE,suggest: /occult-arcana/occult-arcana-og.webp
ravenport/back&forth/index.html,12,/ravenport/back&forth,https://nemxnovels.site/ravenport/back&forth/backnforth-og.webp,/ravenport/back&forth/backnforth-og.webp,OK,
ravenport/behindthecurse/behindthecurse-chapter10.html,13,/ravenport/behindthecurse,https://nemxnovels.site/ravenport/behindthecurse/behindthecurse-og.webp,/ravenport/behindthecurse/behindthecurse-og.webp,MISSING FILE,no og image in this page's folder either
ravenport/behindthecurse/behindthecurse-chapter2.html,13,/ravenport/behindthecurse,https://nemxnovels.site/ravenport/behindthecurse/behindthecurse-og.webp,/ravenport/behindthecurse/behindthecurse-og.webp,MISSING FILE,no og image in this page's folder either
ravenport/behindthecurse/behindthecurse-chapter3.html,13,/ravenport/behindthecurse,https://nemxnovels.site/ravenport/behindthecurse/behindthecurse-og.webp,/ravenport/behindthecurse/behindthecurse-og.webp,MISSING FILE,no og image in this page's folder either
ravenport/behindthecurse/behindthecurse-chapter4.html,13,/ravenport/behindthecurse,https://nemxnovels.site/ravenport/behindthecurse/behindthecurse-og.webp,/ravenport/behindthecurse/behindthecurse-og.webp,MISSING FILE,no og image in this page's folder either
ravenport/behindthecurse/behindthecurse-chapter5.html,13,/ravenport/behindthecurse,https://nemxnovels.site/ravenport/behindthecurse/behindthecurse-og.webp,/ravenport/behindthecurse/behindthecurse-og.webp,MISSING FILE,no og image in this page's folder either
ravenport/behindthecurse/behindthecurse-chapter6.html,13,/ravenport/behindthecurse,https://nemxnovels.site/ravenport/behindthecurse/behindthecurse-og.webp,/ravenport/behindthecurse/behindthecurse-og.webp,MISSING FILE,no og image in this page's folder either
ravenport/behindthecurse/behindthecurse-chapter7.html,13,/ravenport/behindthecurse,https://nemxnovels.site/ravenport/behindthecurse/behindthecurse-og.webp,/ravenport/behindthecurse/behindthecurse-og.webp,MISSING FILE,no og image in this page's folder either
ravenport/behindthecurse/behindthecurse-chapter8.html,13,/ravenport/behindthecurse,https://nemxnovels.site/ravenport/behindthecurse/behindthecurse-og.webp,/ravenport/behindthecurse/behindthecurse-og.webp,MISSING FILE,no og image in this page's folder either
ravenport/behindthecurse/behindthecurse-chapter9.html,13,/ravenport/behindthecurse,https://nemxnovels.site/ravenport/behindthecurse/behindthecurse-og.webp,/ravenport/behindthecurse/behindthecurse-og.webp,MISSING FILE,no og image in this page's folder either
ravenport/behindthecurse/behindthecurse-wherewereyou.html,,/ravenport/behindthecurse,,,NO og:image,
ravenport/behindthecurse/index.html,13,/ravenport/behindthecurse,https://nemxnovels.site/ravenport/behindthecurse/behindthecurse-og.webp,/ravenport/behindthecurse/behindthecurse-og.webp,MISSING FILE,no og image in this page's folder either
ravenport/bewitchinggirl/index.html,10,/ravenport/bewitchinggirl,https://nemxnovels.site/ravenport/bewitchinggirl/bewitchinggirl-og.webp,/ravenport/bewitchinggirl/bewitchinggirl-og.webp,OK,
ravenport/birdshugs/birdshugs-chapter2.html,13,/ravenport/birdshugs,https://nemxnovels.site/ravenport/birdshugs/birdshugs-og.webp,/ravenport/birdshugs/birdshugs-og.webp,OK,
ravenport/birdshugs/birdshugs-chapter3.html,12,/ravenport/birdshugs,https://nemxnovels.site/ravenport/birdshugs/birdshugs-og.webp,/ravenport/birdshugs/birdshugs-og.webp,OK,
ravenport/birdshugs/birdshugs-wherewereyou.html,14,/ravenport/birdshugs,https://nemxnovels.site/ravenport/birdshugs/birdshugs-og.webp,/ravenport/birdshugs/birdshugs-og.webp,OK,
ravenport/birdshugs/index.html,13,/ravenport/birdshugs,https://nemxnovels.site/ravenport/birdshugs/birdshugs-og.webp,/ravenport/birdshugs/birdshugs-og.webp,OK,
ravenport/jobless/firstday.html,12,/ravenport/jobless,https://nemxnovels.site/nemxnovels-hiring-og.webp,/nemxnovels-hiring-og.webp,MISSING FILE,suggest: /ravenport/jobless/nemxnovels-hiring-og.webp
ravenport/jobless/index.html,12,/ravenport/jobless,https://nemxnovels.site/nemxnovels-hiring-og.webp,/nemxnovels-hiring-og.webp,MISSING FILE,suggest: /ravenport/jobless/nemxnovels-hiring-og.webp
ravenport/jobless/rules.html,12,/ravenport/jobless,https://nemxnovels.site/nemxnovels-hiring-og.webp,/nemxnovels-hiring-og.webp,MISSING FILE,suggest: /ravenport/jobless/nemxnovels-hiring-og.webp
ravenport/motelbloodbath/accused-file-page.html,14,/ravenport/motelbloodbath,https://nemxnovels.site/ravenport/motelbloodbath-og.webp,/ravenport/motelbloodbath-og.webp,MISSING FILE,suggest: /ravenport/motelbloodbath/motelbloodbath-og.webp
ravenport/motelbloodbath/index.html,14,/ravenport/motelbloodbath,https://nemxnovels.site/ravenport/motelbloodbath/motelbloodbath-og.webp,/ravenport/motelbloodbath/motelbloodbath-og.webp,OK,
ravenport/motelbloodbath/victim-file-page.html,14,/ravenport/motelbloodbath,https://nemxnovels.site/ravenport/motelbloodbath-og.webp,/ravenport/motelbloodbath-og.webp,MISSING FILE,suggest: /ravenport/motelbloodbath/motelbloodbath-og.webp
ravenport/original-story/Earthquake.html,,/ravenport/original-story,,,NO og:image,
ravenport/original-story/Great.html,,/ravenport/original-story,,,NO og:image,
ravenport/original-story/RVPnews.html,,/ravenport/original-story,,,NO og:image,
ravenport/original-story/Ravenport-chapter2.html,12,/ravenport/original-story,https://nemxnovels.site/ravenport/original-story/ravenport-og.webp,/ravenport/original-story/ravenport-og.webp,OK,
ravenport/original-story/Ravenport-chapter3.html,12,/ravenport/original-story,https://nemxnovels.site/ravenport/original-story/ravenport-og.webp,/ravenport/original-story/ravenport-og.webp,OK,
ravenport/original-story/Ravenport-chapter4.html,12,/ravenport/original-story,https://nemxnovels.site/ravenport/original-story/ravenport-og.webp,/ravenport/original-story/ravenport-og.webp,OK,
ravenport/original-story/Ravenport-chapter5.html,12,/ravenport/original-story,https://nemxnovels.site/ravenport/original-story/ravenport-og.webp,/ravenport/original-story/ravenport-og.webp,OK,
ravenport/original-story/Ravenport-chapter6.html,12,/ravenport/original-story,https://nemxnovels.site/ravenport/original-story/ravenport-og.webp,/ravenport/original-story/ravenport-og.webp,OK,
ravenport/original-story/Ravenport-chapter7.html,12,/ravenport/original-story,https://nemxnovels.site/ravenport/original-story/ravenport-og.webp,/ravenport/original-story/ravenport-og.webp,OK,
ravenport/original-story/Ravenport-chapter8.html,12,/ravenport/original-story,https://nemxnovels.site/ravenport/original-story/ravenport-og.webp,/ravenport/original-story/ravenport-og.webp,OK,
ravenport/original-story/Ravenport-character-Darkkid.html,12,/ravenport/original-story,https://nemxnovels.site/ravenport/original-story/ravenport-og.webp,/ravenport/original-story/ravenport-og.webp,OK,
ravenport/original-story/Ravenport-character-Lethe.html,12,/ravenport/original-story,https://nemxnovels.site/ravenport/original-story/ravenport-og.webp,/ravenport/original-story/ravenport-og.webp,OK,
ravenport/original-story/Ravenport-character-Lucien.html,12,/ravenport/original-story,https://nemxnovels.site/ravenport/original-story/ravenport-og.webp,/ravenport/original-story/ravenport-og.webp,OK,
ravenport/original-story/Ravenport-character-Mycroft.html,12,/ravenport/original-story,https://nemxnovels.site/ravenport/original-story/ravenport-og.webp,/ravenport/original-story/ravenport-og.webp,OK,
ravenport/original-story/Ravenport-character-Sam.html,12,/ravenport/original-story,https://nemxnovels.site/ravenport/original-story/ravenport-og.webp,/ravenport/original-story/ravenport-og.webp,OK,
ravenport/original-story/Ravenport-characters-Amanda.html,12,/ravenport/original-story,https://nemxnovels.site/ravenport/original-story/ravenport-og.webp,/ravenport/original-story/ravenport-og.webp,OK,
ravenport/original-story/Ravenport-characters-Zeke.html,12,/ravenport/original-story,https://nemxnovels.site/ravenport/original-story/ravenport-og.webp,/ravenport/original-story/ravenport-og.webp,OK,
ravenport/original-story/Ravenport-wherewereyou.html,,/ravenport/original-story,,,NO og:image,
ravenport/original-story/Wakeup.html,,/ravenport/original-story,,,NO og:image,
ravenport/original-story/Zahor.html,,/ravenport/original-story,,,NO og:image,
ravenport/original-story/caleb.html,,/ravenport/original-story,,,NO og:image,
ravenport/original-story/house.html,,/ravenport/original-story,,,NO og:image,
ravenport/original-story/index.html,12,/ravenport/original-story,https://nemxnovels.site/ravenport/original-story/ravenport-og.webp,/ravenport/original-story/ravenport-og.webp,OK,
ravenport/original-story/rexona.html,,/ravenport/original-story,,,NO og:image,
ravenport/original-story/samanthapictures.html,,/ravenport/original-story,,,NO og:image,
ravenport/raphaasylum/index.html,12,/ravenport/raphaasylum,https://nemxnovels.site/ravenport/raphaasylum/raphaasylum-og.webp,/ravenport/raphaasylum/raphaasylum-og.webp,OK,
ravenport/someonewhostays/index.html,12,/ravenport/someonewhostays,https://nemxnovels.site/ravenport/someonewhostays/someonewhostays-og.webp,/ravenport/someonewhostays/someonewhostays-og.webp,OK,
ravenport-blogs/page-2/article-10.html,26,/ravenport-blogs/page-2,https://nemxnovels.site/ravenport-blogs/page-2/date.webp,/ravenport-blogs/page-2/date.webp,OK,
ravenport-blogs/page-2/article-11.html,26,/ravenport-blogs/page-2,https://nemxnovels.site/ravenport-blogs/page-2/gang.webp,/ravenport-blogs/page-2/gang.webp,OK,
ravenport-blogs/page-2/article-12.html,26,/ravenport-blogs/page-2,https://nemxnovels.site/ravenport-blogs/page-2/condoms.webp,/ravenport-blogs/page-2/condoms.webp,OK,
ravenport-blogs/page-2/article-13.html,26,/ravenport-blogs/page-2,https://nemxnovels.site/ravenport-blogs/page-2/blacktemp.webp,/ravenport-blogs/page-2/blacktemp.webp,OK,
ravenport-blogs/page-2/article-14.html,26,/ravenport-blogs/page-2,https://nemxnovels.site/ravenport-blogs/page-2/jobs.webp,/ravenport-blogs/page-2/jobs.webp,OK,
ravenport-blogs/page-2/article-8.html,26,/ravenport-blogs/page-2,https://nemxnovels.site/ravenport-blogs/page-2/rules.jpg,/ravenport-blogs/page-2/rules.jpg,OK,
ravenport-blogs/page-2/article-9.html,26,/ravenport-blogs/page-2,https://nemxnovels.site/ravenport-blogs/page-2/boss.webp,/ravenport-blogs/page-2/boss.webp,OK,
ravenport-blogs/page-2/page2.html,31,/ravenport-blogs/page-2,https://nemxnovels.site/nemxnovels-og.webp,/nemxnovels-og.webp,OTHER FOLDER,"image is in /; own folder has: /ravenport-blogs/page-2/blog.png, /ravenport-blogs/page-2/nemxnovels-og.webp, /ravenport-blogs/page-2/ravenportog.webp"
ravenport-blogs/page-3/article-15.html,26,/ravenport-blogs/page-3,https://nemxnovels.site/ravenport-blogs/page-3/kidnap.webp,/ravenport-blogs/page-3/kidnap.webp,OK,
ravenport-blogs/page-3/article-16.html,26,/ravenport-blogs/page-3,https://nemxnovels.site/ravenport-blogs/page-3/devillove.webp,/ravenport-blogs/page-3/devillove.webp,OK,
ravenport-blogs/page-3/article-17.html,26,/ravenport-blogs/page-3,https://nemxnovels.site/ravenport-blogs/page-3/stoic.webp,/ravenport-blogs/page-3/stoic.webp,OK,
ravenport-blogs/page-3/article-18.html,26,/ravenport-blogs/page-3,https://nemxnovels.site/ravenport-blogs/page-3/greatdepression.jpg,/ravenport-blogs/page-3/greatdepression.jpg,OK,
ravenport-blogs/page-3/article-19.html,26,/ravenport-blogs/page-3,https://nemxnovels.site/ravenport-blogs/page-3/thehelper.webp,/ravenport-blogs/page-3/thehelper.webp,OK,
ravenport-blogs/page-3/page3.html,31,/ravenport-blogs/page-3,https://nemxnovels.site/nemxnovels-og.webp,/nemxnovels-og.webp,OTHER FOLDER,"image is in /; own folder has: /ravenport-blogs/page-3/blog.png, /ravenport-blogs/page-3/nemxnovels-og.webp, /ravenport-blogs/page-3/ravenportog.webp"
