file,line,result,detail
havenfall/AngelsNotes/AngelsNotes-chapter2.html,494,removed,next
havenfall/AngelsNotes/AngelsNotes-chapter3.html,1202,removed,next
havenfall/AngelsNotes/AngelsNotes-chapter4.html,829,removed,next
havenfall/AngelsNotes/AngelsNotes-chapter5.html,806,removed,next
havenfall/AngelsNotes/AngelsNotes-chapter6.html,887,removed,next
havenfall/AngelsNotes/index.html,403,removed,next
havenfall/daggeroflight/index.html,1277,removed,next
havenfall/deardiary/deardiary-entry10.html,236,removed,next
havenfall/deardiary/deardiary-entry11.html,211,removed,next
havenfall/deardiary/deardiary-entry12.html,212,removed,next
havenfall/deardiary/deardiary-entry13.html,213,removed,next
havenfall/deardiary/deardiary-entry2.html,225,removed,next
havenfall/deardiary/deardiary-entry3.html,213,removed,next
havenfall/deardiary/deardiary-entry4.html,222,removed,next
havenfall/deardiary/deardiary-entry5.html,300,removed,next
havenfall/deardiary/deardiary-entry6.html,313,removed,next
havenfall/deardiary/deardiary-entry7.html,265,removed,next
havenfall/deardiary/deardiary-entry8.html,266,removed,next
havenfall/deardiary/deardiary-entry9.html,253,removed,next
havenfall/deardiary/index.html,329,removed,next
havenfall/original-story/Havenfall-chapter2.html,1452,removed,next
havenfall/original-story/Havenfall-chapter3.html,1503,removed,next
havenfall/original-story/Havenfall-chapter4.html,2616,removed,next
havenfall/original-story/Havenfall-chapter5.html,3207,removed,next
havenfall/original-story/Havenfall-chapter6.html,2270,removed,next
havenfall/original-story/Havenfall-chapter7.html,2108,removed,next
havenfall/original-story/Havenfall-chapter8.html,1505,removed,next
havenfall/original-story/index.html,1218,removed,next
havenfall/sevensteps/index.html,1613,removed,next
havenfall/sevensteps/sevensteps-chapter2.html,1173,removed,next
ravenport/back&forth/index.html,226,removed,next
ravenport/behindthecurse/behindthecurse-chapter10.html,1814,removed,next
ravenport/behindthecurse/behindthecurse-chapter2.html,1883,removed,next
ravenport/behindthecurse/behindthecurse-chapter3.html,1589,removed,next
ravenport/behindthecurse/behindthecurse-chapter4.html,1301,removed,next
ravenport/behindthecurse/behindthecurse-chapter5.html,1411,removed,next
ravenport/behindthecurse/behindthecurse-chapter6.html,1458,removed,next
ravenport/behindthecurse/behindthecurse-chapter7.html,1007,removed,next
ravenport/behindthecurse/behindthecurse-chapter8.html,1605,removed,next
ravenport/behindthecurse/behindthecurse-chapter9.html,1169,removed,next
ravenport/behindthecurse/index.html,1339,removed,next
ravenport/birdshugs/birdshugs-chapter2.html,1628,removed,next
ravenport/birdshugs/birdshugs-chapter3.html,806,removed,next
ravenport/birdshugs/index.html,683,removed,next
ravenport/motelbloodbath/accused-file-page.html,163,removed,next
ravenport/motelbloodbath/index.html,2135,removed,next
ravenport/motelbloodbath/victim-file-page.html,168,removed,next
ravenport/original-story/Ravenport-chapter2.html,1593,removed,previous
ravenport/original-story/Ravenport-chapter2.html,1598,removed,next
ravenport/original-story/Ravenport-chapter3.html,2419,removed,previous
ravenport/original-story/Ravenport-chapter3.html,2424,removed,next
ravenport/original-story/Ravenport-chapter4.html,2386,removed,previous
ravenport/original-story/Ravenport-chapter4.html,2391,removed,next
ravenport/original-story/Ravenport-chapter5.html,1767,removed,previous
ravenport/original-story/Ravenport-chapter5.html,1772,removed,next
ravenport/original-story/Ravenport-chapter6.html,1732,removed,previous
ravenport/original-story/Ravenport-chapter6.html,1737,removed,next
ravenport/original-story/Ravenport-chapter7.html,1132,removed,previous
ravenport/original-story/Ravenport-chapter7.html,1137,removed,next
ravenport/original-story/Ravenport-chapter8.html,1769,removed,previous
ravenport/original-story/Ravenport-chapter8.html,1774,removed,next
ravenport/original-story/index.html,1014,removed,next
ravenport/raphaasylum/index.html,1715,removed,next
ravenport/someonewhostays/index.html,1183,removed,next
