file,tags_removed
archive-1.html,1
article-1.html,1
article-2.html,1
article-3.html,1
article-4.html,1
article-5.html,1
article-6.html,1
article-7.html,1
harticle-1.html,1
harticle-2.html,1
harticle-3.html,1
harticle-4.html,1
haven-news-page.html,1
hnews-1.html,1
hnews-10.html,1
hnews-11.html,1
hnews-12.html,1
hnews-13.html,1
hnews-14.html,1
hnews-15.html,1
hnews-2.html,1
hnews-3.html,1
hnews-4.html,1
hnews-5.html,1
hnews-6.html,1
hnews-7.html,1
hnews-8.html,1
hnews-9.html,1
index.html,1
landing-angel-notes-blog.html,1
landing-havenfall-blog.html,1
news-1.html,1
news-10.html,1
news-11.html,1
news-12.html,1
news-13.html,1
news-14.html,1
news-15.html,1
news-2.html,1
news-3.html,1
news-4.html,1
news-5.html,1
news-6.html,1
news-7.html,1
news-8.html,1
news-9.html,1
news-page.html,1
havenfall-blogs/page-2/harticle-10.html,1
havenfall-blogs/page-2/harticle-11.html,1
havenfall-blogs/page-2/harticle-5.html,1
havenfall-blogs/page-2/harticle-6.html,1
havenfall-blogs/page-2/harticle-7.html,1
havenfall-blogs/page-2/harticle-8.html,1
havenfall-blogs/page-2/harticle-9.html,1
havenfall-blogs/page-2/page2.html,1
havenfall-blogs/page-3/harticle-12.html,1
havenfall-blogs/page-3/harticle-13.html,1
havenfall-blogs/page-3/harticle-14.html,1
havenfall-blogs/page-3/harticle-15.html,1
havenfall-blogs/page-3/harticle-16.html,1
havenfall-blogs/page-3/page3.html,1
news/haven-news-page-2.html,1
news/hnews-16.html,1
news/hnews-17.html,1
news/hnews-18.html,1
news/hnews-19.html,1
news/hnews-20.html,1
news/hnews-21.html,1
news/hnews-22.html,1
news/hnews-23.html,1
news/hnews-24.html,1
news/hnews-25.html,1
news/hnews-26.html,1
news/hnews-27.html,1
news/hnews-28.html,1
news/hnews-29.html,1
news/hnews-30.html,1
news/news-16.html,1
news/news-17.html,1
news/news-18.html,1
news/news-19.html,1
news/news-20.html,1
news/news-21.html,1
news/news-22.html,1
news/news-23.html,1
news/news-24.html,1
news/news-25.html,1
news/news-26.html,1
news/news-27.html,1
news/news-28.html,1
news/news-29.html,1
news/news-30.html,1
news/news-page-2.html,1
ravenport-blogs/page-2/article-10.html,1
ravenport-blogs/page-2/article-11.html,1
ravenport-blogs/page-2/article-12.html,1
ravenport-blogs/page-2/article-13.html,1
ravenport-blogs/page-2/article-14.html,1
ravenport-blogs/page-2/article-8.html,1
ravenport-blogs/page-2/article-9.html,1
ravenport-blogs/page-2/page2.html,1
ravenport-blogs/page-3/article-15.html,1
ravenport-blogs/page-3/article-16.html,1
ravenport-blogs/page-3/article-17.html,1
ravenport-blogs/page-3/article-18.html,1
ravenport-blogs/page-3/article-19.html,1
ravenport-blogs/page-3/page3.html,1
